model,bin_number,m_X_d_goal,sem_X_d_goal,m_X_n_A,sem_X_n_A,m_X_diff,sem_X_diff,m_X_rt,sem_X_rt,m_X_AO_size,sem_X_AO_size,m_X_first_move,sem_X_first_move,m_y_d_goal,sem_y_d_goal,m_y_p_in_tree,sem_y_p_in_tree,m_y_p_undo,sem_y_p_undo,m_y_p_same_car,sem_y_p_same_car,m_y_d_tree,sem_y_d_tree,m_y_d_tree_ranked,sem_y_d_tree_ranked,m_y_p_worse,sem_y_p_worse,m_y_p_same,sem_y_p_same,m_y_p_better,sem_y_p_better,m_y_p_in_tree_better,sem_y_p_in_tree_better,m_h_d_tree,sem_h_d_tree,m_h_d_tree_diff,sem_h_d_tree_diff,m_h_d_tree_ranked,sem_h_d_tree_ranked
data,6,8.545996725207488,0.39761029003369786,9.945352767295676,0.2623365081341674,10.817877973568372,0.39530863985719555,2160.3412490067603,285.25400714887974,65.46291901475504,4.328056449997654,0.06396740537390473,0.025589575351281636,9.230612393786545,0.43272382695217715,0.8259822246358487,0.02296428702114674,0.05995849578342745,0.01217939510349517,0.07769133167716362,0.013763282936894758,4.18743371281932,0.09687542539178469,1.8214731773624575,0.0514324601421359,0.19756998285960942,0.024080607511827414,0.2894757028598379,0.031066675373554797,0.5129543142805526,0.03672311570480197,0.6183795663146213,0.03698283565450328,4.18743371281932,0.09687542539178469,1.0436834853857602,0.07536528620610254,1.8214731773624575,0.0514324601421359
random_model,6,8.545996725207488,0.39761029003369786,9.945352767295676,0.2623365081341674,10.817877973568372,0.39530863985719555,2160.3412490067603,285.25400714887974,65.46291901475504,4.328056449997654,0.06396740537390473,0.025589575351281636,9.657049034596724,0.3971225648132964,0.6318903683760697,0.019376334041572626,0.10206613793018046,0.004809823614999858,0.20511332165917323,0.009154406494841281,4.45947027557982,0.08293609259716318,1.949331164140606,0.04558690907805074,0.3191474385071672,0.015404811871608314,0.4727574323749025,0.01366079118651727,0.20809512911793054,0.010204636169669793,0.36534298690174805,0.019143465532470493,4.487852268320084,0.11512176626865092,1.2977048921774055,0.08824133024486687,2.0136366462483872,0.06427629509853791
optimal_model,6,8.545996725207488,0.39761029003369786,9.945352767295676,0.2623365081341674,10.817877973568372,0.39530863985719555,2160.3412490067603,285.25400714887974,65.46291901475504,4.328056449997654,0.06396740537390473,0.025589575351281636,8.545996725207488,0.39761029003369786,1.0,0.0,0.08547976774422858,0.01332807998660057,0.11857230119112713,0.016393286236962925,4.448025632314558,0.0932624977080627,1.9359482789322278,0.06955176584650032,0.0,0.0,0.0,0.0,1.0,0.0,1.0,0.0,4.427603488869773,0.10048896186572073,1.2073318023245387,0.09249190167774463,1.9275812653078948,0.07349542366505672
gamma_only_model,6,8.545996725207488,0.39761029003369786,9.945352767295676,0.2623365081341674,10.817877973568372,0.39530863985719555,2160.3412490067603,285.25400714887974,65.46291901475504,4.328056449997654,0.06396740537390473,0.025589575351281636,9.415142612055442,0.4243045866320227,0.8408355259780471,0.013439254845978308,0.04798707217840827,0.00425242137789774,0.09650280892095708,0.007388597574632892,4.132678044744229,0.08870687381952336,1.7159783067280585,0.03423701493938902,0.2587498788759024,0.016412407860006598,0.35164612909615045,0.014516603125652686,0.3896039920279474,0.021013431654026443,0.47102204858920105,0.023539565166351438,4.128060884954844,0.10546023137683706,0.9429800363616913,0.07204659997158662,1.7401812535596715,0.05351752692991346
gamma_0_model,6,8.545996725207488,0.39761029003369786,9.945352767295676,0.2623365081341674,10.817877973568372,0.39530863985719555,2160.3412490067603,285.25400714887974,65.46291901475504,4.328056449997654,0.06396740537390473,0.025589575351281636,9.382054401031265,0.42453794933637784,0.8577084457240403,0.012187482012194868,0.04009626535219035,0.003731541325060705,0.07947880075390532,0.00653076979351987,4.175497102512281,0.08728714184596081,1.7462464649453637,0.03657727296130049,0.2438595054033219,0.016180589113962515,0.3483386650171337,0.013364735304727352,0.40780182957954436,0.019370600375636777,0.48481327672865016,0.022968818209288585,4.187412166331559,0.0992962700107018,0.9709318057268476,0.07330097478349684,1.7668637611626472,0.05836836628282794
gamma_no_same_model,6,8.545996725207488,0.39761029003369786,9.945352767295676,0.2623365081341674,10.817877973568372,0.39530863985719555,2160.3412490067603,285.25400714887974,65.46291901475504,4.328056449997654,0.06396740537390473,0.025589575351281636,9.504411238337351,0.4197641322475978,0.8413574183560801,0.013661866396260575,0.14044386791219485,0.007124787721771464,0.2332378516757064,0.010228706778488385,4.105864639539613,0.08757019806409477,1.6965366203932273,0.030772920898405463,0.3083428938051699,0.016275787716721685,0.34172872551952305,0.015137650305618816,0.349928380675307,0.017926404650436264,0.425171121238329,0.022408174256854405,4.0563248766897635,0.09486735398148473,0.8806995036829024,0.05850071651947526,1.6949205848839342,0.047279534400397935
eureka_model,6,8.545996725207488,0.39761029003369786,9.945352767295676,0.2623365081341674,10.817877973568372,0.39530863985719555,2160.3412490067603,285.25400714887974,65.46291901475504,4.328056449997654,0.06396740537390473,0.025589575351281636,9.09233676974831,0.414631488774861,0.8195211894155199,0.01419900447438411,0.09144807446542333,0.007702897880029963,0.15724554048151956,0.011500504837974249,4.4611932534757495,0.08509046905375887,1.9444725858396779,0.057007718098117874,0.15638893368793677,0.012844061655664029,0.23356217716494823,0.017560616297171715,0.6100488891471152,0.027369280106033494,0.7520726043472097,0.024424932003985447,4.4817479854857165,0.10808820107425829,1.2635192767881758,0.09623960378416442,1.9730856600170832,0.07106848917225848
forward_search,6,8.545996725207488,0.39761029003369786,9.945352767295676,0.2623365081341674,10.817877973568372,0.39530863985719555,2160.3412490067603,285.25400714887974,65.46291901475504,4.328056449997654,0.06396740537390473,0.025589575351281636,9.210888804314013,0.4446398232363803,0.7588514053569162,0.018173198950889632,0.08109745669023903,0.007533095579019117,0.14722404164597824,0.013190145439529595,4.531717416224358,0.07938247407902221,1.998516228034731,0.05741157877062806,0.14348396362308274,0.029096565981819547,0.3779241518603599,0.017499010070425352,0.47859188451655726,0.04283570627438452,0.63609265414569,0.045367363156781235,4.563611463775859,0.09435755288698441,1.3386397305236053,0.09068660313388657,2.02799498969864,0.07247361803311819
opt_rand_model,6,8.545996725207488,0.39761029003369786,9.945352767295676,0.2623365081341674,10.817877973568372,0.39530863985719555,2160.3412490067603,285.25400714887974,65.46291901475504,4.328056449997654,0.06396740537390473,0.025589575351281636,9.152116349317737,0.4180024398977826,0.8009414319989568,0.013332070277770709,0.0927999046803173,0.007215015275564709,0.1634740652486303,0.010378791351199002,4.462930019057948,0.08498168724834505,1.946499521957988,0.05593253067225321,0.1738416825862343,0.01183765627560922,0.25843625893778,0.016012106492460737,0.5677220584759857,0.024054087798333006,0.7197382993459398,0.023267694391890123,4.462352137715717,0.1054744201947232,1.2513073994380333,0.08858443600799397,1.9689889159048584,0.06352752473175768
hill_climbing_model,6,8.545996725207488,0.39761029003369786,9.945352767295676,0.2623365081341674,10.817877973568372,0.39530863985719555,2160.3412490067603,285.25400714887974,65.46291901475504,4.328056449997654,0.06396740537390473,0.025589575351281636,9.624612742321789,0.39958551799374803,0.6585876585145285,0.020450633102690706,0.11289432847152454,0.007532223296307987,0.2087512531706602,0.011449481200973242,4.25561824019924,0.09675054337389793,1.8156581195847026,0.037477221513388934,0.30915720154399906,0.01634511258193353,0.46030161402630176,0.014634870074004063,0.23054118442969912,0.013856666188899733,0.38075706992711433,0.01879401200270002,4.2587071190565675,0.126818342528505,1.1191384969104106,0.07858472614854863,1.8788532636265436,0.06081401352659901
data,5,7.40336423211609,0.3684664562886515,10.203196018248986,0.2139396575242331,10.629411157591925,0.3816895899559286,1736.4326177532082,194.28775885382626,59.729281604376965,3.627036365112887,0.022972027116935675,0.017996946316211133,7.998478953681335,0.4076139000034334,0.8471720675311748,0.02364075694519579,0.05275193149858896,0.01145302266029639,0.06911908899666212,0.013457803639435698,4.155115358637427,0.09213484061752485,1.7836041532016955,0.048718691656100856,0.1725102844264565,0.02481675814522099,0.25009415271233254,0.029862016859907248,0.577395562861211,0.04107819610297351,0.6783626774134442,0.04188737893125108,4.155115358637427,0.09213484061752485,1.0025353748002201,0.06869690449268381,1.7836041532016955,0.048718691656100856
random_model,5,7.40336423211609,0.3684664562886515,10.203196018248986,0.2139396575242331,10.629411157591925,0.3816895899559286,1736.4326177532082,194.28775885382626,59.729281604376965,3.627036365112887,0.022972027116935675,0.017996946316211133,8.555939220228066,0.3697961045299819,0.6217939043070727,0.01669160452382927,0.1058562083068948,0.0034043352273158693,0.2221167840678541,0.008094955673075943,4.355607113789568,0.07793196945456264,1.8960468545488034,0.04375825370476035,0.3477766491076451,0.01216500927686049,0.4570216898966854,0.011451500860925697,0.1952016609956695,0.008050350792523558,0.36007441953076746,0.01745991582851795,4.404530177041195,0.110352227695002,1.2074741687063468,0.09263090877920764,1.9562676120637663,0.06085110266626314
optimal_model,5,7.40336423211609,0.3684664562886515,10.203196018248986,0.2139396575242331,10.629411157591925,0.3816895899559286,1736.4326177532082,194.28775885382626,59.729281604376965,3.627036365112887,0.022972027116935675,0.017996946316211133,7.40336423211609,0.3684664562886515,0.9994009772117426,0.001063086697713573,0.07996530452007004,0.013194530050487832,0.11388576753811448,0.016007793072607857,4.236900258240304,0.11923030171800104,1.7994913416869227,0.07075931362352336,0.0,0.0,0.0,0.0,1.0,0.0,1.0,0.0,4.236440222879191,0.12378340819955728,1.0387545296718932,0.10462037107242093,1.7997423304541316,0.0754187397769209
gamma_only_model,5,7.40336423211609,0.3684664562886515,10.203196018248986,0.2139396575242331,10.629411157591925,0.3816895899559286,1736.4326177532082,194.28775885382626,59.729281604376965,3.627036365112887,0.022972027116935675,0.017996946316211133,8.262305766120788,0.39833658068280103,0.8403614109607266,0.011438711794336467,0.04839794193475474,0.004041832496231525,0.10138397967499499,0.007291809552095614,4.064448728896228,0.07965901068129426,1.6833300414445673,0.03500692958768321,0.2576274181415832,0.015821945947507552,0.3436866977215314,0.014920671046390293,0.39868588413688544,0.023932597246903147,0.4826264090854718,0.026005648045153696,4.050445824248687,0.08974460054260218,0.8893298879534927,0.07505035714340394,1.7048956640314745,0.05041691519076542
gamma_0_model,5,7.40336423211609,0.3684664562886515,10.203196018248986,0.2139396575242331,10.629411157591925,0.3816895899559286,1736.4326177532082,194.28775885382626,59.729281604376965,3.627036365112887,0.022972027116935675,0.017996946316211133,8.240909489177431,0.39849771717850735,0.851002744302853,0.009515567004252367,0.04206138555190472,0.003595618674225201,0.08649488897227639,0.006234550268400207,4.109546940304237,0.08217799700951163,1.7127601732860454,0.0382734626592384,0.24799493978790435,0.016112670627348395,0.3415553774855306,0.013686971528598463,0.4104496827265648,0.023046851800604003,0.49411495256616833,0.025701530393420182,4.094388239173531,0.10029793656038721,0.9145599674161978,0.07721270084790066,1.7186887415677572,0.055211750252322715
gamma_no_same_model,5,7.40336423211609,0.3684664562886515,10.203196018248986,0.2139396575242331,10.629411157591925,0.3816895899559286,1736.4326177532082,194.28775885382626,59.729281604376965,3.627036365112887,0.022972027116935675,0.017996946316211133,8.3669031880655,0.3902183590157801,0.8410643998854592,0.011854079431576228,0.14166731604956997,0.006737045040145854,0.24056394009858117,0.010537883137922144,4.038733577469855,0.07706998639922745,1.6677550881563405,0.03237985519273466,0.316878036384526,0.014662831072567984,0.3297828831803574,0.015205008395727684,0.3533390804351165,0.01914207296378593,0.4297510316139265,0.02174247820086193,3.9750120382125815,0.10605973715144461,0.8426434104556733,0.07555223748718838,1.6734026101556914,0.05645227268028678
eureka_model,5,7.40336423211609,0.3684664562886515,10.203196018248986,0.2139396575242331,10.629411157591925,0.3816895899559286,1736.4326177532082,194.28775885382626,59.729281604376965,3.627036365112887,0.022972027116935675,0.017996946316211133,7.9740218154995,0.3916706599430541,0.8132933411193453,0.012893469105135,0.0902142021059545,0.008037133960825721,0.16326462322371804,0.011622167699838653,4.288385703987526,0.10323922071364762,1.8400464948962607,0.05841137734939439,0.1707283543775597,0.011720655395017704,0.22920087462829283,0.01850822187392744,0.6000707709941475,0.027792077105655878,0.7471233351704997,0.024998746741678263,4.272046747286199,0.12525231934648093,1.0866810325265102,0.0924704871038692,1.8498926541548106,0.06808506821063907
forward_search,5,7.40336423211609,0.3684664562886515,10.203196018248986,0.2139396575242331,10.629411157591925,0.3816895899559286,1736.4326177532082,194.28775885382626,59.729281604376965,3.627036365112887,0.022972027116935675,0.017996946316211133,8.021768798955186,0.4042727226982391,0.7687216219271635,0.018078649351856012,0.07580793712137834,0.008388653819292928,0.1424868415403535,0.013728517354864769,4.385858338802044,0.0895856762783597,1.9076799248031309,0.0533841683167271,0.1265960493861174,0.02411466828452185,0.3652124680668601,0.019516166182522273,0.5081914825470226,0.039548452440971715,0.6661344759558948,0.039493532389223124,4.373434923237916,0.11241129050473041,1.1829926881525106,0.09085078672749697,1.9060605731218585,0.06626395385599758
opt_rand_model,5,7.40336423211609,0.3684664562886515,10.203196018248986,0.2139396575242331,10.629411157591925,0.3816895899559286,1736.4326177532082,194.28775885382626,59.729281604376965,3.627036365112887,0.022972027116935675,0.017996946316211133,8.037305816789864,0.3932851800569544,0.7925355981225481,0.011162151644235356,0.0917326761483543,0.007228227115007146,0.16996272067733548,0.010606774819681627,4.289876055069145,0.10144797721874532,1.8412773819384176,0.05666025593284781,0.18922975409221449,0.010696388986910594,0.2554820764893446,0.017332526797149035,0.5552881694184411,0.02452803755135152,0.7138346315384387,0.024419139527354656,4.330708366587524,0.1094133305901977,1.123522651359143,0.09687004015940755,1.8701955018883103,0.06996423957519801
hill_climbing_model,5,7.40336423211609,0.3684664562886515,10.203196018248986,0.2139396575242331,10.629411157591925,0.3816895899559286,1736.4326177532082,194.28775885382626,59.729281604376965,3.627036365112887,0.022972027116935675,0.017996946316211133,8.506804503625348,0.37423464259657063,0.6465182832788484,0.014725254440077518,0.11369061227827129,0.005207561325950823,0.22180004246510793,0.010075330264638005,4.151560471427091,0.08863688919181512,1.756378878491898,0.04266118431929298,0.328035724518542,0.015457635766242914,0.4473688224721747,0.012992152332757257,0.22459545300928335,0.012065757413483667,0.3863843707665697,0.02060635414553972,4.172821177647915,0.12296786350159324,1.0445366101227072,0.08327988190632267,1.8333139466683228,0.060359449152639244
data,4,6.028888182565993,0.34442832362716924,10.403759834693679,0.21920137963509032,10.060980878166328,0.3855868387925807,1829.4781324931212,273.67728756192037,51.71845715853588,2.6830945735961658,0.053421666948536256,0.02614272564627331,6.550148808715683,0.3911380874560597,0.8517082402215684,0.024159174398516524,0.04625571785659451,0.012323757235913217,0.05925992594300261,0.014190129462387303,3.9705217891493714,0.11193955814388247,1.741059109431725,0.05001799751463082,0.1440532354918325,0.025636458651893866,0.23315415516602456,0.029152441184086633,0.6227926093421431,0.04219238073612373,0.7252846885970567,0.03828521685602062,3.9705217891493714,0.11193955814388247,0.9314389605260581,0.06667458962606729,1.741059109431725,0.05001799751463082
random_model,4,6.028888182565993,0.34442832362716924,10.403759834693679,0.21920137963509032,10.060980878166328,0.3855868387925807,1829.4781324931212,273.67728756192037,51.71845715853588,2.6830945735961658,0.053421666948536256,0.02614272564627331,7.174597914607123,0.35985719776267616,0.6041508876848936,0.01889964909526121,0.10122568328403078,0.004041923693794495,0.21833302821462047,0.009869794961636617,4.241063027286314,0.0897257061041583,1.8868758594577804,0.04214672233934568,0.35176015720589343,0.017802852900353987,0.4421894176293412,0.011988916895507046,0.20605042516476532,0.009630784001633055,0.4060631973910736,0.019351391020661867,4.340753149322449,0.11445352353475076,1.2424775864744544,0.09096155933220423,2.015138086624236,0.07866007128809581
optimal_model,4,6.028888182565993,0.34442832362716924,10.403759834693679,0.21920137963509032,10.060980878166328,0.3855868387925807,1829.4781324931212,273.67728756192037,51.71845715853588,2.6830945735961658,0.053421666948536256,0.02614272564627331,6.028888182565993,0.34442832362716924,0.9985514051295679,0.002137917871780618,0.06575834594620036,0.012815884609952862,0.09057259935042353,0.014845264611736051,3.9106793370223785,0.12921587569355272,1.625881252455894,0.05021664587297047,0.0,0.0,0.0,0.0,1.0,0.0,1.0,0.0,3.9105595764218535,0.1371198199543574,0.7908400528652384,0.0747785821513863,1.618278252842883,0.054506817181825665
gamma_only_model,4,6.028888182565993,0.34442832362716924,10.403759834693679,0.21920137963509032,10.060980878166328,0.3855868387925807,1829.4781324931212,273.67728756192037,51.71845715853588,2.6830945735961658,0.053421666948536256,0.02614272564627331,6.816762047086822,0.38036170509173167,0.8471655837655521,0.014364838116592954,0.04242654106997741,0.004913902554143057,0.09201148157498226,0.009313017900688489,3.9547053713932905,0.09992264820077942,1.6654907256893607,0.0351649815922887,0.24093249053217464,0.021150625911194255,0.3060088834564798,0.013412968945017095,0.4530586260113455,0.024201421084002167,0.5449277384255674,0.0235047829914265,3.9368989480602923,0.10959568043807397,0.8532188958613793,0.06558619964922711,1.6887519186157387,0.04803942989951514
gamma_0_model,4,6.028888182565993,0.34442832362716924,10.403759834693679,0.21920137963509032,10.060980878166328,0.3855868387925807,1829.4781324931212,273.67728756192037,51.71845715853588,2.6830945735961658,0.053421666948536256,0.02614272564627331,6.816853844529264,0.3782552163792703,0.8441638723442748,0.012816990028727196,0.040273498083253804,0.003954080606250545,0.08582416919902185,0.007528886503631372,3.9886257450650624,0.10128963339696623,1.687812490833827,0.03527419658395358,0.2382877286834718,0.020681970148459614,0.3113902045963281,0.013476817745328083,0.4503220667202002,0.022536369037271346,0.5479965785639768,0.02254047974888091,3.9826326939690184,0.11682285053221497,0.8890938010536272,0.060199470953640796,1.7127185300459002,0.048799242778623096
gamma_no_same_model,4,6.028888182565993,0.34442832362716924,10.403759834693679,0.21920137963509032,10.060980878166328,0.3855868387925807,1829.4781324931212,273.67728756192037,51.71845715853588,2.6830945735961658,0.053421666948536256,0.02614272564627331,6.932081405435469,0.37545004243060687,0.8443845600164838,0.014626381087593955,0.13615097940034784,0.008427082462327427,0.2260684408728823,0.013573637628692473,3.9298913942125453,0.0940599568107892,1.6484796334307594,0.03315672766540173,0.3054482660905445,0.019897793620989142,0.29229669068838876,0.014774076679692744,0.4022550432210668,0.020664405724701317,0.4896348189908898,0.02289243748172581,3.8420157520094507,0.11176508970806777,0.7981330096153699,0.06338927353995942,1.6491743862937198,0.0503259069796916
eureka_model,4,6.028888182565993,0.34442832362716924,10.403759834693679,0.21920137963509032,10.060980878166328,0.3855868387925807,1829.4781324931212,273.67728756192037,51.71845715853588,2.6830945735961658,0.053421666948536256,0.02614272564627331,6.596299013856053,0.37855412665076793,0.8043169431106412,0.015174497004600105,0.08112019804240334,0.008810426277654533,0.15096470647342486,0.01331199749524458,4.0399291544527545,0.1188152477092075,1.729746591565758,0.045204117887738295,0.17626708155783985,0.016931340758650965,0.2148766681743823,0.015332748181166287,0.6088562502677779,0.028675907414568547,0.768135038023958,0.02364640438055613,4.064633624801045,0.12943407802689824,0.9460217370926645,0.07375244834034994,1.7533603510047555,0.05643041292421675
forward_search,4,6.028888182565993,0.34442832362716924,10.403759834693679,0.21920137963509032,10.060980878166328,0.3855868387925807,1829.4781324931212,273.67728756192037,51.71845715853588,2.6830945735961658,0.053421666948536256,0.02614272564627331,6.578323075549861,0.37512609760878096,0.7769115321919323,0.017132471054899318,0.06517304658907595,0.008327404919122372,0.12165719722652509,0.012417711782398,4.154596404666814,0.11315841034091,1.800147247301266,0.04268460118954328,0.10693158621535377,0.021014619609930278,0.3355717205531589,0.014526452577298359,0.5574966932314874,0.03023177136489191,0.7286768104081083,0.0282295057933503,4.18379761188759,0.124883075692859,1.0830360861336215,0.0746823516056321,1.8403715466096167,0.058477344530500984
opt_rand_model,4,6.028888182565993,0.34442832362716924,10.403759834693679,0.21920137963509032,10.060980878166328,0.3855868387925807,1829.4781324931212,273.67728756192037,51.71845715853588,2.6830945735961658,0.053421666948536256,0.02614272564627331,6.659676406169074,0.3800163314408901,0.7842424427087139,0.013785880643629192,0.08356982251212383,0.008005380669229147,0.15880164216288906,0.012306263469774599,4.059093271524384,0.11499852546478563,1.744632387084187,0.04369235307356545,0.19543427876004854,0.016753368181007835,0.23991966608298426,0.013963399398269623,0.564646055156967,0.025967123959050802,0.7351905808702551,0.023663401413393886,4.022925400825544,0.1357984483219691,0.9279463623124687,0.07911893483819159,1.7508532780795856,0.0586099660197604
hill_climbing_model,4,6.028888182565993,0.34442832362716924,10.403759834693679,0.21920137963509032,10.060980878166328,0.3855868387925807,1829.4781324931212,273.67728756192037,51.71845715853588,2.6830945735961658,0.053421666948536256,0.02614272564627331,7.12153855332617,0.36431451693514444,0.6360122616115012,0.01893048046823341,0.11763154216219969,0.006331044681647127,0.22989198586211912,0.01151434203409931,4.029559806390532,0.10156911729201487,1.7327241983041632,0.03818812619019398,0.3325189443770435,0.017544682047061978,0.4276124820060914,0.012397058694262952,0.23986857361686517,0.01464120175579766,0.4290176918023991,0.022166637551246305,4.036541143441756,0.11295422250257459,1.0214122300877182,0.07257125253089482,1.831914501323745,0.06052471190233852
data,3,4.6179367889952925,0.315914459831423,11.187113641894502,0.29723207407194197,9.210626152164028,0.3289831187617363,1734.467206375116,256.85594128550304,41.17234516725284,2.781733429863572,0.03840142294600417,0.014664422902493125,5.050808774460343,0.3603886998349146,0.8452151600032559,0.020894621773427595,0.03372418122665459,0.009497279882289704,0.050173922473938454,0.012836670653836474,3.7238895625291306,0.08765169543758645,1.6306895653850189,0.04677057942991774,0.09873753805803809,0.019740790424659586,0.2353969093489772,0.027303156675586502,0.6658655525929847,0.039611393871309,0.7653801436736127,0.035245369025663,3.7238895625291306,0.08765169543758645,0.7358505900238244,0.06230419400459422,1.6306895653850189,0.04677057942991774
random_model,3,4.6179367889952925,0.315914459831423,11.187113641894502,0.29723207407194197,9.210626152164028,0.3289831187617363,1734.467206375116,256.85594128550304,41.17234516725284,2.781733429863572,0.03840142294600417,0.014664422902493125,5.766795991350537,0.31718350224474773,0.5504747693850285,0.0161854915289171,0.09521305798560022,0.00328237312588406,0.21645360332060967,0.006477382763601502,4.0743685055388426,0.08266502786097517,1.8078382269942137,0.03506774401136643,0.3457807128395709,0.009593282966969213,0.457297776676105,0.009500185567465154,0.19692151048432407,0.006361263332230577,0.43289348719924653,0.019826316550997345,4.176443547645322,0.10823525421318744,1.1363349629523727,0.07619442340301087,1.945493390885586,0.06257602193126845
optimal_model,3,4.6179367889952925,0.315914459831423,11.187113641894502,0.29723207407194197,9.210626152164028,0.3289831187617363,1734.467206375116,256.85594128550304,41.17234516725284,2.781733429863572,0.03840142294600417,0.014664422902493125,4.6179367889952925,0.315914459831423,0.9789618263295761,0.007878742172548596,0.04137732956785773,0.0095337283032917,0.06453004827913841,0.013163572758254399,3.605104683365471,0.10486958373645054,1.4594294955997873,0.053316143594286075,0.0,0.0,0.0,0.0,1.0,0.0,1.0,0.0,3.6004139610714314,0.10625083044326465,0.5347806049837333,0.0748492917256759,1.455342455851304,0.0563286375678303
gamma_only_model,3,4.6179367889952925,0.315914459831423,11.187113641894502,0.29723207407194197,9.210626152164028,0.3289831187617363,1734.467206375116,256.85594128550304,41.17234516725284,2.781733429863572,0.03840142294600417,0.014664422902493125,5.34966556142943,0.3465326273556781,0.8377683000517502,0.013221907996342024,0.03789454438693097,0.004565614541761268,0.0843367420902623,0.008713792300424582,3.7716530748365806,0.08515133786820268,1.576517249835147,0.0354106490784552,0.2134508943085707,0.01591809258860895,0.30482698381699724,0.013639850098225857,0.48172212187443225,0.024171803914629968,0.5745292233617703,0.022585862485477108,3.6968165534782726,0.10029832327312084,0.699213380800492,0.06287236561527142,1.5929521141680716,0.04597849082910009
gamma_0_model,3,4.6179367889952925,0.315914459831423,11.187113641894502,0.29723207407194197,9.210626152164028,0.3289831187617363,1734.467206375116,256.85594128550304,41.17234516725284,2.781733429863572,0.03840142294600417,0.014664422902493125,5.377524345668792,0.340213767985713,0.8159261251730816,0.011378858976016535,0.03938192934431777,0.0035633997433336525,0.08847815241347756,0.006719156158324646,3.8054721056104914,0.08662362203665656,1.600585842830892,0.036726868264424076,0.21930757355031258,0.014146599773927331,0.3209724095728754,0.012540726125411345,0.4597200168768122,0.02029744217233502,0.571050747871854,0.021376477696675035,3.818461814618476,0.10448421428754655,0.7552596119602314,0.07016421317488736,1.6317845522812326,0.05001987746941671
gamma_no_same_model,3,4.6179367889952925,0.315914459831423,11.187113641894502,0.29723207407194197,9.210626152164028,0.3289831187617363,1734.467206375116,256.85594128550304,41.17234516725284,2.781733429863572,0.03840142294600417,0.014664422902493125,5.449521490477916,0.3452629825875144,0.8351779010628883,0.012723864267584543,0.11897501737066567,0.008182063958636908,0.19805210513405552,0.01216705179185872,3.7658227850030093,0.0791315289421155,1.5683636412677764,0.03163320561718735,0.2699249001248697,0.015162505056637287,0.29173490123288437,0.013444207139162829,0.4383401986422459,0.022778925300503204,0.5350976885455001,0.022542945659555183,3.709556553554997,0.1038573752573165,0.7032581822355047,0.06585469531134273,1.5863088052911356,0.04861113998710663
eureka_model,3,4.6179367889952925,0.315914459831423,11.187113641894502,0.29723207407194197,9.210626152164028,0.3289831187617363,1734.467206375116,256.85594128550304,41.17234516725284,2.781733429863572,0.03840142294600417,0.014664422902493125,5.188513198697069,0.34901652736996713,0.7682267621976704,0.014007452164079708,0.06617444565208477,0.00724205493411508,0.13599270209993336,0.011796571947567539,3.7976653420947337,0.09865670411702916,1.5939084552703389,0.04971497193645129,0.17215159428154983,0.014122489458860034,0.2262732211386773,0.016134461720094438,0.6015751845797728,0.028588202417415755,0.7667778922269858,0.022733262635630507,3.7900093501188294,0.11309482887598582,0.7399955391939125,0.07827444271954329,1.627525305034807,0.060195675865971535
forward_search,3,4.6179367889952925,0.315914459831423,11.187113641894502,0.29723207407194197,9.210626152164028,0.3289831187617363,1734.467206375116,256.85594128550304,41.17234516725284,2.781733429863572,0.03840142294600417,0.014664422902493125,5.150268050872966,0.32941418551371626,0.745442657648051,0.014592611377315838,0.05093292481333908,0.0070434230342763925,0.10823020845949613,0.01080361987894608,3.8804255795092044,0.09504885987031254,1.6645721797372908,0.045040975923171876,0.09203754510860437,0.01146093690015146,0.3482561716604659,0.013914838022014533,0.5597062832309299,0.02290740852772643,0.738302958187024,0.019762966735366688,3.8714360483441523,0.11129503751716283,0.8278438451081481,0.08604098606819553,1.6920832312853469,0.0644266082834485
opt_rand_model,3,4.6179367889952925,0.315914459831423,11.187113641894502,0.29723207407194197,9.210626152164028,0.3289831187617363,1734.467206375116,256.85594128550304,41.17234516725284,2.781733429863572,0.03840142294600417,0.014664422902493125,5.25138987696336,0.34679269483086633,0.7442765815558179,0.011635467803023943,0.06935542730237458,0.006629116030496792,0.14524066046329626,0.010800661349022191,3.8226865890447765,0.09713455214098055,1.6124763038287038,0.04921943622704628,0.1917184084983645,0.012781515613981172,0.25001627097134144,0.014241020215697264,0.5582653205302943,0.02491965493512607,0.7402336793329675,0.02246588349263025,3.856764535837379,0.11592121639149647,0.7999300785008455,0.08673457913969786,1.6686725453766198,0.06675826422954935
hill_climbing_model,3,4.6179367889952925,0.315914459831423,11.187113641894502,0.29723207407194197,9.210626152164028,0.3289831187617363,1734.467206375116,256.85594128550304,41.17234516725284,2.781733429863572,0.03840142294600417,0.014664422902493125,5.657207116926281,0.330704772512736,0.5961529582589655,0.013932958111969799,0.10328882976129604,0.005218949939521485,0.21142097517748537,0.008121301083339165,3.8823948445625334,0.0865160126871388,1.6564221201990164,0.038319520918098544,0.2965166696648534,0.012039553802596999,0.4462369886012833,0.010581799561436699,0.25724634173386324,0.01181438683120428,0.4796115587405068,0.024327798518030436,3.87249906731936,0.12235792271549911,0.9354386789945629,0.08484205567380372,1.7784552673179204,0.06420829018368866
data,2,2.993334129004368,0.2407718929124997,11.834440237783241,0.27701465742519193,9.067544278051136,0.2726147279959502,1330.5934833360213,169.24425762208116,31.669681489315145,2.7036322643000874,0.006119785131788206,0.0055600803513019504,3.2924131464014144,0.2851214519590081,0.8872149387543353,0.020421426606569686,0.02525346457824675,0.00927792166937168,0.03717453652957403,0.011804439481192327,3.160332812560463,0.13867548602645283,1.318670990024034,0.06373074741569,0.06256864058560176,0.015992529649735084,0.17394173622584364,0.030203999166443774,0.7634896231885545,0.0411636532548471,0.852209878966642,0.033882607978658684,3.160332812560463,0.13867548602645283,0.3712763213108105,0.07613705875867095,1.318670990024034,0.06373074741569
random_model,2,2.993334129004368,0.2407718929124997,11.834440237783241,0.27701465742519193,9.067544278051136,0.2726147279959502,1330.5934833360213,169.24425762208116,31.669681489315145,2.7036322643000874,0.006119785131788206,0.0055600803513019504,4.153453930815703,0.23880291043154242,0.47336510934848797,0.02454791047433769,0.09212538473685952,0.0027232709427369387,0.22343941971856895,0.004932737349186678,3.6400616050979937,0.12968247423744206,1.6057542376240594,0.050875345417022946,0.3528781462140605,0.01016830783435889,0.45436350938321257,0.009178516534390928,0.19275834440272696,0.006405932954682327,0.5770284537504561,0.03587876873904035,4.024370165516082,0.13097433233092523,1.1707591353074465,0.09886452038178072,1.901080394513134,0.07335612771452171
optimal_model,2,2.993334129004368,0.2407718929124997,11.834440237783241,0.27701465742519193,9.067544278051136,0.2726147279959502,1330.5934833360213,169.24425762208116,31.669681489315145,2.7036322643000874,0.006119785131788206,0.0055600803513019504,2.993334129004368,0.2407718929124997,0.9931218499614675,0.00494806968840716,0.019319890781632036,0.008080926812933409,0.03414570714913505,0.010768183301562307,3.0076910775329444,0.12213030957417677,1.1488642396229043,0.043160345901168386,0.0,0.0,0.0,0.0,1.0,0.0,1.0,0.0,3.0068916291312937,0.1215727239043095,0.15869915478469215,0.048968121223199795,1.1481490814434554,0.04271057241923367
gamma_only_model,2,2.993334129004368,0.2407718929124997,11.834440237783241,0.27701465742519193,9.067544278051136,0.2726147279959502,1330.5934833360213,169.24425762208116,31.669681489315145,2.7036322643000874,0.006119785131788206,0.0055600803513019504,3.5228818174219394,0.2909180819746449,0.867253664434503,0.016215384013926307,0.028827276198469937,0.004312980789632647,0.06789770462603589,0.008762962701107227,3.3039820658768955,0.12864501047536808,1.3658144381274862,0.04417150587400876,0.15151990347934335,0.019231127331041264,0.22650788145888448,0.022497415649362324,0.6219722150617722,0.03844424086021952,0.7166180401353763,0.03492285107764379,3.2815268745640216,0.12659595373378685,0.4755541648089491,0.06226421152965185,1.390792761617541,0.051843750199522906
gamma_0_model,2,2.993334129004368,0.2407718929124997,11.834440237783241,0.27701465742519193,9.067544278051136,0.2726147279959502,1330.5934833360213,169.24425762208116,31.669681489315145,2.7036322643000874,0.006119785131788206,0.0055600803513019504,3.6357220559067507,0.2794100445768326,0.7947359020285463,0.013323011242785905,0.03725034851678877,0.003705741047369604,0.08887963353253474,0.006975097071194126,3.343652064734074,0.1285459252983109,1.3958741141997775,0.045600457801155486,0.18651733625294847,0.016104638445293824,0.26935325439648505,0.018247599655592812,0.5441294093505665,0.030775033519178232,0.7042464395521504,0.03411334171556608,3.3441069379119917,0.13748415860621238,0.5119826671641634,0.07415510627380179,1.4234325640729277,0.06105341844534648
gamma_no_same_model,2,2.993334129004368,0.2407718929124997,11.834440237783241,0.27701465742519193,9.067544278051136,0.2726147279959502,1330.5934833360213,169.24425762208116,31.669681489315145,2.7036322643000874,0.006119785131788206,0.0055600803513019504,3.6156069298205464,0.2899493178662517,0.8490431818553164,0.015102916876388163,0.07582989606399299,0.009721487445595376,0.14348345206784813,0.014447500189945143,3.339086786535476,0.12523992210748933,1.3911505353220346,0.041973337643431204,0.19505796950146645,0.01881160940341605,0.23215686181324563,0.02116847408516003,0.5727851686852878,0.037085199779819236,0.6823516360023871,0.036072308770575025,3.2999935072596562,0.1261509152619303,0.5033667952233378,0.06680282491447079,1.3982873969851712,0.05456853874132699
eureka_model,2,2.993334129004368,0.2407718929124997,11.834440237783241,0.27701465742519193,9.067544278051136,0.2726147279959502,1330.5934833360213,169.24425762208116,31.669681489315145,2.7036322643000874,0.006119785131788206,0.0055600803513019504,3.5696361671992,0.27301053133857967,0.7416819845312804,0.015233909298258533,0.054342104780703906,0.00603596510651266,0.12531048288616584,0.010438154873473542,3.2710952332327983,0.13941084095404557,1.3371029450438552,0.054314914384608,0.17578239091174214,0.013020900247899234,0.2247372563713477,0.016253217186686097,0.5994803527169102,0.027733534728179583,0.8210802510889136,0.027344607300116387,3.3334802611672725,0.1501636895096953,0.4752040191199277,0.08630663597137883,1.3820559949595423,0.06922402442660358
forward_search,2,2.993334129004368,0.2407718929124997,11.834440237783241,0.27701465742519193,9.067544278051136,0.2726147279959502,1330.5934833360213,169.24425762208116,31.669681489315145,2.7036322643000874,0.006119785131788206,0.0055600803513019504,3.4933715237943868,0.2500241966625532,0.7220265810032933,0.018303280211967986,0.03235614660465746,0.005912971789051094,0.08248869256158999,0.009404774697727079,3.28137404514718,0.13372714529489016,1.3527717235223138,0.051128871041686404,0.07836546809155051,0.008706243749854204,0.3433064586069178,0.013196327503221526,0.5783280733015317,0.020281170056339316,0.8147342596489414,0.021494568383298357,3.330303309798832,0.1386335040550714,0.493707906471841,0.07412337989242265,1.3984560659163077,0.060607706405993264
opt_rand_model,2,2.993334129004368,0.2407718929124997,11.834440237783241,0.27701465742519193,9.067544278051136,0.2726147279959502,1330.5934833360213,169.24425762208116,31.669681489315145,2.7036322643000874,0.006119785131788206,0.0055600803513019504,3.628585563051463,0.2708577392351759,0.7133157975424126,0.013289445201055117,0.05814790506947619,0.005722245194565257,0.1359814235795938,0.009372748179203168,3.301333647432845,0.13951083259461372,1.3591448699468203,0.05473099637330192,0.1926877181130694,0.011436738014424967,0.24987599782095643,0.014929714069656399,0.5574362840659741,0.024339488357611704,0.8021746566682421,0.028333483735884478,3.3957001868078525,0.14638884877479202,0.5465703130534678,0.08422019567134639,1.4404002347311127,0.06986730672464994
hill_climbing_model,2,2.993334129004368,0.2407718929124997,11.834440237783241,0.27701465742519193,9.067544278051136,0.2726147279959502,1330.5934833360213,169.24425762208116,31.669681489315145,2.7036322643000874,0.006119785131788206,0.0055600803513019504,3.9565034930487815,0.2576669027951364,0.5492206997500465,0.020962161970666422,0.0875461983965623,0.0055022223625526695,0.1961227741053926,0.008374787314214613,3.477453347182683,0.1330935403111633,1.4811119489831104,0.04858090599765678,0.2621333183934166,0.011495815100384058,0.4389027272575805,0.012290426341249387,0.298963954349003,0.01563367038474703,0.6374077979083461,0.03793373899835043,3.5690808620290553,0.14902751033016845,0.8187156951506177,0.09119005040240317,1.6333653918137157,0.07306382333567159
data,1,1.3379849277127138,0.13089889044945904,12.183214430359628,0.20987892974847744,9.276204782091979,0.2629924697226588,1023.6903709092176,94.75788191520465,16.550044897779696,1.7961271371049288,0.0,0.0,1.4684226089843555,0.15495807944069115,0.9181070318193394,0.02004364533442133,0.005451969249406789,0.004385339567983304,0.01809472114478449,0.008588017104738077,2.2478463896083007,0.08369300575155908,1.055606429217894,0.023725421557964827,0.019996794646701982,0.0094075981613087,0.09044409197823808,0.020714937116617527,0.8895591133750598,0.024895426018793146,0.9680904015005418,0.012530570328216058,2.2478463896083007,0.08369300575155908,0.07998946951579093,0.03329578229402212,1.055606429217894,0.023725421557964827
random_model,1,1.3379849277127138,0.13089889044945904,12.183214430359628,0.20987892974847744,9.276204782091979,0.2629924697226588,1023.6903709092176,94.75788191520465,16.550044897779696,1.7961271371049288,0.0,0.0,2.587153375139773,0.12092703821016704,0.26712883797668485,0.021587313929089583,0.08907181277169887,0.0022882954269026617,0.21361688139283286,0.005118972848631396,2.6942222498619706,0.10422485222407406,1.3354469353328793,0.041202237093906004,0.37521559878717825,0.012843333438182994,0.4987372498527034,0.012044095359163953,0.1260471513601184,0.007955683675233607,0.7960331352690363,0.02517590735994682,3.664153456640569,0.19926212018058148,1.415981967198243,0.20181370037904214,1.9274345084969,0.14248367616512267
optimal_model,1,1.3379849277127138,0.13089889044945904,12.183214430359628,0.20987892974847744,9.276204782091979,0.2629924697226588,1023.6903709092176,94.75788191520465,16.550044897779696,1.7961271371049288,0.0,0.0,1.3379849277127138,0.13089889044945904,0.9998871586549312,0.00031278025076182333,0.0027927829443745865,0.003039739507820201,0.014215515291931729,0.006873019885292427,2.1977446817653252,0.0770020905652441,1.0086500942297638,0.008994937181656882,0.0,0.0,0.0,0.0,1.0,0.0,1.0,0.0,2.197776164248331,0.0771489057739777,0.008953685556307116,0.010102190273404222,1.0086135495018853,0.009515066355027055
gamma_only_model,1,1.3379849277127138,0.13089889044945904,12.183214430359628,0.20987892974847744,9.276204782091979,0.2629924697226588,1023.6903709092176,94.75788191520465,16.550044897779696,1.7961271371049288,0.0,0.0,1.6609319668115985,0.15520550380106957,0.8789236413515008,0.013054329918695904,0.017507252003187743,0.0025151269925793728,0.042278334014431665,0.0059867079184065175,2.4502923516914215,0.09034248092015078,1.1753879112579781,0.025642485378985273,0.0942143833227966,0.010323166748591014,0.1345182724532919,0.016570090382352753,0.7712673442239117,0.023662413558712497,0.8808738568562888,0.018382582438690162,2.434480260049242,0.09856629665273192,0.25307084938322577,0.05387234941622713,1.172671531167577,0.03838968304905239
gamma_0_model,1,1.3379849277127138,0.13089889044945904,12.183214430359628,0.20987892974847744,9.276204782091979,0.2629924697226588,1023.6903709092176,94.75788191520465,16.550044897779696,1.7961271371049288,0.0,0.0,1.9065005900923901,0.1551354114345175,0.7144738084222262,0.015697882443541773,0.03488629074897023,0.0030717787458965835,0.08462410752986688,0.006782570614832816,2.487997786596619,0.09400947954869539,1.2006477575899726,0.027784272382488148,0.16835877523618514,0.010651826320552157,0.23179811190730637,0.01625800377249342,0.5998431128565084,0.023161471560690337,0.8680564047108417,0.019142900928092874,2.555190413725812,0.11110425319399478,0.35875327839360244,0.0679604412700061,1.2362015907641033,0.04404817847912739
gamma_no_same_model,1,1.3379849277127138,0.13089889044945904,12.183214430359628,0.20987892974847744,9.276204782091979,0.2629924697226588,1023.6903709092176,94.75788191520465,16.550044897779696,1.7961271371049288,0.0,0.0,1.7336751460424455,0.15767243472527293,0.8497197816854516,0.013377196928102953,0.036766565297910316,0.004826192702901597,0.08209309280093806,0.009494418636385529,2.498446902876881,0.08929019254839174,1.2076144698798525,0.026730525569918707,0.12344849696038585,0.010946724342137304,0.14879322440895962,0.016456687260006975,0.7277582786306547,0.024019230301066244,0.8633067052481099,0.019196867959111248,2.5107740708594632,0.10474861307166222,0.3303124246489142,0.05472059953470531,1.2261029366169174,0.037516274666094876
eureka_model,1,1.3379849277127138,0.13089889044945904,12.183214430359628,0.20987892974847744,9.276204782091979,0.2629924697226588,1023.6903709092176,94.75788191520465,16.550044897779696,1.7961271371049288,0.0,0.0,1.9530123815310294,0.16216159093711258,0.6422598841207824,0.020158222940602252,0.04462282417089677,0.00431425028427231,0.1122893606670544,0.009222520806349674,2.4086562334193253,0.10157653960871571,1.14801732848553,0.028010522041716803,0.18388807314045755,0.01206265681254021,0.24725130753740027,0.01798819129210423,0.5688606193221422,0.02745665216249603,0.9133029923971479,0.01643945325325494,2.4963764383193787,0.13071660863295756,0.29353378515151657,0.07300930315105081,1.2015856789432076,0.051504231899979803
forward_search,1,1.3379849277127138,0.13089889044945904,12.183214430359628,0.20987892974847744,9.276204782091979,0.2629924697226588,1023.6903709092176,94.75788191520465,16.550044897779696,1.7961271371049288,0.0,0.0,1.8299854146106855,0.14235692247088705,0.6377800597180572,0.018741544189816613,0.018175165200464923,0.003114502267233619,0.06514411939815266,0.007142763115614741,2.3852702134655996,0.0926321257995133,1.135263170872603,0.024109990757932385,0.06419331004739766,0.007384460915724675,0.36361386680317637,0.015108252930862473,0.5721928231494259,0.020511988797721308,0.9217421702796254,0.013606284674211861,2.483142519070524,0.1283224645248158,0.2841595043205074,0.09086260286126141,1.1956525471151433,0.06676303097849318
opt_rand_model,1,1.3379849277127138,0.13089889044945904,12.183214430359628,0.20987892974847744,9.276204782091979,0.2629924697226588,1023.6903709092176,94.75788191520465,16.550044897779696,1.7961271371049288,0.0,0.0,2.0213224281562385,0.15750468240456628,0.601952470269366,0.016636302854405847,0.04889780336991675,0.0040331412088378095,0.12280364912360986,0.008716850144614317,2.4330369963029836,0.10085913298226411,1.164034754757294,0.028376398509793305,0.2049866991373589,0.010503134253668786,0.27336410216880686,0.016163440236836576,0.5216491986938342,0.02332609736953166,0.9039117563179166,0.01677057927166334,2.5695577789497284,0.1407777703735091,0.3629828938248679,0.08616870540897176,1.2455171330217716,0.057738340383150996
hill_climbing_model,1,1.3379849277127138,0.13089889044945904,12.183214430359628,0.20987892974847744,9.276204782091979,0.2629924697226588,1023.6903709092176,94.75788191520465,16.550044897779696,1.7961271371049288,0.0,0.0,2.2507706507696286,0.14329047003183593,0.4126513508121154,0.015690558011408763,0.06300722801315001,0.004408744565552678,0.15451447268240656,0.008718709520344523,2.5508598297273277,0.10379735001353309,1.244649304652803,0.03325199035835956,0.21551353247884059,0.010456350643034577,0.4817586580992338,0.011970988616995746,0.3027278094219258,0.011765365684442352,0.8535435339351681,0.021844860972733627,2.9214135296970594,0.18012679153194863,0.7474157042539664,0.15534326544167265,1.5021490036971668,0.10972254187324094
data,10,15.038734552092121,0.6022271825214874,9.039694320190813,0.34323719572360567,13.355900301000924,0.15800183791514016,2400.310592515628,395.0657544831284,68.24581464988951,3.616375823047618,0.053610696889928956,0.014228623862206838,15.853713388640317,0.6194605067844434,0.7968543448612542,0.023363339802783878,0.09243724697052007,0.013498598972296308,0.1142033600772462,0.015443130009135088,4.471110579631996,0.13222453902212938,1.8724444029976768,0.05472843755479523,0.22392406817031488,0.023987517464556015,0.3671307002075778,0.029958761975525557,0.4089452316221074,0.02414206363823166,0.513782545156541,0.027493084307706188,4.471110579631996,0.13222453902212938,1.2430638198086537,0.08877575638667079,1.8724444029976768,0.05472843755479523
random_model,10,15.038734552092121,0.6022271825214874,9.039694320190813,0.34323719572360567,13.355900301000924,0.15800183791514016,2400.310592515628,395.0657544831284,68.24581464988951,3.616375823047618,0.053610696889928956,0.014228623862206838,15.977044684212997,0.6115140826381938,0.6665776039746669,0.016186075988030853,0.11797622744687039,0.007406326353045305,0.21755955995235546,0.012813243126367667,4.887255831185413,0.11546561445911846,2.0684744939552604,0.035263159418411745,0.22601343032474977,0.02118131418218981,0.48628327147137657,0.01905310348293418,0.2877032982038736,0.0105638403497293,0.44155394298675565,0.014891526288140737,4.855202291713131,0.13663675407149461,1.5905736984370968,0.10273976277987329,2.082097331046099,0.058997712990990346
optimal_model,10,15.038734552092121,0.6022271825214874,9.039694320190813,0.34323719572360567,13.355900301000924,0.15800183791514016,2400.310592515628,395.0657544831284,68.24581464988951,3.616375823047618,0.053610696889928956,0.014228623862206838,15.038734552092121,0.6022271825214874,1.0,0.0,0.1678471207733921,0.023088889020790954,0.23567318422681005,0.024952364163152108,4.981755930758315,0.1531391388771897,2.1256162788856137,0.06192540208844592,0.0,0.0,0.0,0.0,1.0,0.0,1.0,0.0,4.9911036225335845,0.16138719159390805,1.6848902333949491,0.11653963106172434,2.1313146225470696,0.06517482401386122
gamma_only_model,10,15.038734552092121,0.6022271825214874,9.039694320190813,0.34323719572360567,13.355900301000924,0.15800183791514016,2400.310592515628,395.0657544831284,68.24581464988951,3.616375823047618,0.053610696889928956,0.014228623862206838,15.862607663393295,0.6166969275644002,0.8375789030707915,0.014432506036476908,0.06442331724986475,0.007479345964219907,0.11745194950564468,0.012065141763632267,4.3478456428497045,0.14087576429748583,1.7204642006863424,0.032881453457444636,0.22383923218611687,0.020097550067419444,0.37619464692894694,0.02303107725664184,0.39996612088493616,0.01837341968394336,0.4818938557392431,0.019178354177020674,4.260662590671664,0.14787443002835268,1.037962422613131,0.07765772174042505,1.7273747101283743,0.0509340671462844
gamma_0_model,10,15.038734552092121,0.6022271825214874,9.039694320190813,0.34323719572360567,13.355900301000924,0.15800183791514016,2400.310592515628,395.0657544831284,68.24581464988951,3.616375823047618,0.053610696889928956,0.014228623862206838,15.838647057698417,0.619404769832294,0.8657221742227516,0.011693948395515727,0.048005414231400645,0.005399657103450352,0.08699987924262582,0.008425535366923607,4.43393763235932,0.1398415223534304,1.7713907007038157,0.03233869729744221,0.21701389311912336,0.021317120109133763,0.3658847193680533,0.020866819637304166,0.4171013875128234,0.016128256977773533,0.485545115446368,0.01930151491217185,4.430993606563943,0.14478295410047684,1.1572495612281617,0.08052180651800185,1.7921517715432604,0.04742696213253249
gamma_no_same_model,10,15.038734552092121,0.6022271825214874,9.039694320190813,0.34323719572360567,13.355900301000924,0.15800183791514016,2400.310592515628,395.0657544831284,68.24581464988951,3.616375823047618,0.053610696889928956,0.014228623862206838,15.867224904923576,0.6116852406321809,0.838615543387103,0.014560725660902349,0.15277641564394834,0.012488630480097063,0.2392792209498952,0.016456220698868165,4.281052871009294,0.13876014661400868,1.6814613933791842,0.03262125752274017,0.22576192530806927,0.018436706908294794,0.37696650221532446,0.02272925131483952,0.3972715724766062,0.01650119048388326,0.4794573226075346,0.017575946173220777,4.174208777104825,0.14729538498653424,0.9636753420681229,0.08365505600592138,1.6756321042498312,0.05877688348420074
eureka_model,10,15.038734552092121,0.6022271825214874,9.039694320190813,0.34323719572360567,13.355900301000924,0.15800183791514016,2400.310592515628,395.0657544831284,68.24581464988951,3.616375823047618,0.053610696889928956,0.014228623862206838,15.873241714874698,0.6287044597969506,0.7037118968417408,0.020519878831266377,0.12328103104018984,0.008884005238691369,0.2182803692109462,0.013427081637437515,4.918421050331899,0.11428450314992925,2.0882634187543365,0.04075869298166403,0.19857794783163862,0.02180892786583831,0.4373512671193102,0.03158981432200218,0.36407078504905105,0.03616968826458286,0.516182420549663,0.03697129469654933,4.908940364482627,0.1409067250984369,1.6490233203346292,0.1023418127060742,2.125261017168002,0.06341791951304089
forward_search,10,15.038734552092121,0.6022271825214874,9.039694320190813,0.34323719572360567,13.355900301000924,0.15800183791514016,2400.310592515628,395.0657544831284,68.24581464988951,3.616375823047618,0.053610696889928956,0.014228623862206838,15.912890603058672,0.6261543762061414,0.6857285382020649,0.016241070254512546,0.11648119246315199,0.007977659156684703,0.21330903778848997,0.013417504280675122,4.9349666529426495,0.12572509362923645,2.0916658337119562,0.04072323213170276,0.20432462766954176,0.023680946991416856,0.46550679562747976,0.02028098506906899,0.33016857670297883,0.020191245716797854,0.4887602355181514,0.024386119497333717,4.964172164023477,0.14619114953896375,1.6880339021472726,0.10879679181829795,2.1469918750086268,0.06544796532172165
opt_rand_model,10,15.038734552092121,0.6022271825214874,9.039694320190813,0.34323719572360567,13.355900301000924,0.15800183791514016,2400.310592515628,395.0657544831284,68.24581464988951,3.616375823047618,0.053610696889928956,0.014228623862206838,15.551108001186535,0.6123299873474033,0.817277696387525,0.013189352537208116,0.13990765984533746,0.014025203098112705,0.22449588169485726,0.018077295230691137,4.950587990787774,0.13221119890820848,2.1044890185444207,0.04658633434179032,0.1221001710989191,0.011604012454184591,0.2681731068965873,0.019562105831411825,0.6097267220044935,0.019017253081195187,0.7502480474699809,0.015149785985811444,4.942383358445945,0.1474163015175517,1.6574929191400039,0.10619205013099489,2.131596406377525,0.05711522583087261
hill_climbing_model,10,15.038734552092121,0.6022271825214874,9.039694320190813,0.34323719572360567,13.355900301000924,0.15800183791514016,2400.310592515628,395.0657544831284,68.24581464988951,3.616375823047618,0.053610696889928956,0.014228623862206838,15.96146755073916,0.6095999471993878,0.701644025004092,0.01713531662340628,0.1292572784374229,0.009249613023437847,0.21997602267345182,0.01419428054322883,4.574361382780977,0.1322344692946701,1.878176031413125,0.03171826031965741,0.22102003997132855,0.019075448228770966,0.48069291870439174,0.02114337291811311,0.29828704132427963,0.011693947453559223,0.43533621930165767,0.014726462409999537,4.495690506915089,0.1544578170368243,1.2882850143805686,0.09332274139475963,1.8890922346168104,0.05537228267057063
data,9,12.445340623228114,0.3850228129877409,10.014316950440687,0.2571339012234923,12.681677914253815,0.27483302602164045,2301.553029877529,308.63352293386924,62.70138847378863,3.761401150915382,0.06759142046329432,0.0196035762042963,13.239742809927193,0.4133130869243847,0.7902938495075399,0.02670516068981458,0.07145556776147383,0.01446204118067527,0.0970322017159974,0.016987241546066397,4.258743271942114,0.13466390536281028,1.909741761289873,0.06313897171941431,0.2177231407450002,0.02397937818311044,0.35895590520907855,0.028586236211042417,0.4233209540459211,0.031846338348721144,0.5358441041437532,0.03613019004619658,4.258743271942114,0.13466390536281028,1.2521648583923848,0.1025755600753261,1.909741761289873,0.06313897171941431
random_model,9,12.445340623228114,0.3850228129877409,10.014316950440687,0.2571339012234923,12.681677914253815,0.27483302602164045,2301.553029877529,308.63352293386924,62.70138847378863,3.761401150915382,0.06759142046329432,0.0196035762042963,13.473873497756545,0.376864622890064,0.6275651739776423,0.020008518694901223,0.09983187006956254,0.0047855007578628235,0.1975725246738667,0.008377170291911436,4.621539269034981,0.1537967813460726,2.0670687037659965,0.04494355602839882,0.26631919101224527,0.014548668471786489,0.49589449250393935,0.01657318470098749,0.23778631648381512,0.011632649197429207,0.40587038456951696,0.016198162702090107,4.630346725041995,0.17038526425466854,1.5783693000161012,0.13359739042322277,2.1069345539476525,0.07641374955777806
optimal_model,9,12.445340623228114,0.3850228129877409,10.014316950440687,0.2571339012234923,12.681677914253815,0.27483302602164045,2301.553029877529,308.63352293386924,62.70138847378863,3.761401150915382,0.06759142046329432,0.0196035762042963,12.445340623228114,0.3850228129877409,1.0,0.0,0.11088447430172131,0.013071271555905624,0.1715396337874686,0.017374297181927862,4.703042917598813,0.1617574177408918,2.1024719557474207,0.06383704143344258,0.0,0.0,0.0,0.0,1.0,0.0,1.0,0.0,4.709360592622593,0.16635309303205004,1.6429077241118126,0.13503376316794194,2.1024803681839743,0.06692580209785406
gamma_only_model,9,12.445340623228114,0.3850228129877409,10.014316950440687,0.2571339012234923,12.681677914253815,0.27483302602164045,2301.553029877529,308.63352293386924,62.70138847378863,3.761401150915382,0.06759142046329432,0.0196035762042963,13.32102258206238,0.39120760720558956,0.8311962972017307,0.014162166092742848,0.05012074303516037,0.004166423068068586,0.09821163977382959,0.007473486155778123,4.148992894857134,0.14370807157862434,1.7509588354823002,0.03848571514243876,0.25213388704925077,0.014960717710416493,0.37141418473576093,0.017245332761129484,0.3764519282149886,0.015192643619553187,0.4637909516133071,0.01946832918568744,4.0632662228318805,0.15363107384671765,1.0807365619591454,0.0939476696777326,1.7760093777773265,0.06890507990633676
gamma_0_model,9,12.445340623228114,0.3850228129877409,10.014316950440687,0.2571339012234923,12.681677914253815,0.27483302602164045,2301.553029877529,308.63352293386924,62.70138847378863,3.761401150915382,0.06759142046329432,0.0196035762042963,13.288846208524841,0.393464625298464,0.8530265506552845,0.01305903120948668,0.041980855910384064,0.0037000511395260025,0.08134856220410465,0.006665370662985123,4.215087362268324,0.1451861300782824,1.7919290496399727,0.03970220828540213,0.24335295751574373,0.014905980000654014,0.3567996702652354,0.015650128138466432,0.3998473722190209,0.014925880167149706,0.47801372834402,0.01942428870875401,4.171381614406575,0.16267066043562545,1.136078232146374,0.09750825005341665,1.7955036479186544,0.05803499054511928
gamma_no_same_model,9,12.445340623228114,0.3850228129877409,10.014316950440687,0.2571339012234923,12.681677914253815,0.27483302602164045,2301.553029877529,308.63352293386924,62.70138847378863,3.761401150915382,0.06759142046329432,0.0196035762042963,13.36736998985385,0.3861265739847825,0.8338812073548946,0.01457836086630604,0.14198520603718837,0.0076326709258928245,0.23078142859173484,0.011147012777033173,4.058546507829604,0.14382891449955817,1.6976660192071915,0.03628730507230719,0.27885598064573036,0.017011722058389585,0.36431740533427465,0.017586296196704734,0.3568266140199951,0.01399715100728168,0.43841981577412675,0.0183302729235904,3.9886121369171743,0.15331717279620646,0.9978941214235623,0.08780173956212799,1.7048012744469012,0.060902795832901924
eureka_model,9,12.445340623228114,0.3850228129877409,10.014316950440687,0.2571339012234923,12.681677914253815,0.27483302602164045,2301.553029877529,308.63352293386924,62.70138847378863,3.761401150915382,0.06759142046329432,0.0196035762042963,13.173819734427509,0.4254071302960487,0.7367824857707523,0.029167227604829867,0.10205903886081118,0.006726705213463917,0.185216734758052,0.011122360508828817,4.667738041212349,0.15829272264049832,2.087117356801801,0.049387723080896805,0.18617505001378482,0.01821497372361525,0.3561290111718245,0.04126725802685644,0.4576959388143906,0.05533307311552708,0.6146650442385054,0.05422252456703616,4.666551347192895,0.18183680206445038,1.617273480839794,0.132341824511785,2.100516426841015,0.0702094786340713
forward_search,9,12.445340623228114,0.3850228129877409,10.014316950440687,0.2571339012234923,12.681677914253815,0.27483302602164045,2301.553029877529,308.63352293386924,62.70138847378863,3.761401150915382,0.06759142046329432,0.0196035762042963,13.324230529978816,0.4135800020724825,0.6716404045740969,0.02139703819437971,0.09576054105106348,0.005622296865975725,0.1848323673910722,0.011165857465815845,4.699388094953743,0.14360263643418372,2.113445691171086,0.04801051960545592,0.2129855664874508,0.02217112682115715,0.45291877377579903,0.019781631131389695,0.33409565973675026,0.033446624737474874,0.5068998904911877,0.0372852121538941,4.744895073587815,0.1621242468476438,1.7057489708843254,0.13588128943695418,2.1673895320920207,0.06888494871130517
opt_rand_model,9,12.445340623228114,0.3850228129877409,10.014316950440687,0.2571339012234923,12.681677914253815,0.27483302602164045,2301.553029877529,308.63352293386924,62.70138847378863,3.761401150915382,0.06759142046329432,0.0196035762042963,13.009648670228351,0.394131499806329,0.7955045210520835,0.013768081565447995,0.10407451817655353,0.007560926964333402,0.18434605566344697,0.011629849934093852,4.677383272012209,0.15455645108304258,2.0901165110289988,0.052911444487106524,0.14527340175225437,0.0101517771466747,0.2737612434957287,0.018358866784571493,0.580965354752017,0.02226280846521314,0.7384633023443533,0.020946759652884336,4.665328940259558,0.1568997622633651,1.6121590703103388,0.11923074392685469,2.1048002169372095,0.07254317547511942
hill_climbing_model,9,12.445340623228114,0.3850228129877409,10.014316950440687,0.2571339012234923,12.681677914253815,0.27483302602164045,2301.553029877529,308.63352293386924,62.70138847378863,3.761401150915382,0.06759142046329432,0.0196035762042963,13.45893910241169,0.376221529802725,0.6713430208629776,0.018829165709643048,0.11269365259116053,0.00652891486776248,0.2027435109612671,0.009948975829141768,4.322417782917494,0.1613476098965771,1.877488862886398,0.048366849915411,0.2627862858421114,0.015695743585738695,0.4880259074993585,0.01907569346627919,0.24918780665853016,0.012985438311113014,0.39173010825717375,0.018312927162441095,4.239238192248965,0.2024500573354719,1.2710948481768911,0.12160450867488896,1.9158320687378194,0.07758810069759671
data,8,11.075416788394127,0.4070483114795982,10.192034646906048,0.16042235813575387,12.17854160244653,0.27342634466601834,2006.4157107060516,217.48187433115191,61.505178191254466,2.861138027656411,0.04033871735148369,0.01582314435500749,11.815697502498441,0.43676002492418964,0.8080388566476965,0.02374073097188008,0.06106915189417006,0.012428931044267347,0.08091707063637896,0.015436742695941561,4.229818557266796,0.10891202780162404,1.9150234513433377,0.05308595464002596,0.20817891060748972,0.023738155847047904,0.3239228928893364,0.028127371424333865,0.4678981965031736,0.03190477239094467,0.5773900955356953,0.03280375378313072,4.229818557266796,0.10891202780162404,1.2129489421317994,0.07195329075864598,1.9150234513433377,0.05308595464002596
random_model,8,11.075416788394127,0.4070483114795982,10.192034646906048,0.16042235813575387,12.17854160244653,0.27342634466601834,2006.4157107060516,217.48187433115191,61.505178191254466,2.861138027656411,0.04033871735148369,0.01582314435500749,12.163908202982151,0.40341701638626604,0.6146673823217825,0.018179356399118426,0.1030689072222541,0.003087424647930347,0.2030590515256779,0.007760239307943818,4.472750849572071,0.1019921292962612,2.0239457876904776,0.04288758992983691,0.3023919830459194,0.013666723564649156,0.48370744849618524,0.011698643564652394,0.21390056845789535,0.00812565370252806,0.37895111972338935,0.0195353104445295,4.546199030546059,0.12166549100301009,1.4609427130219526,0.0967287704903358,2.113643569482803,0.06912802110207668
optimal_model,8,11.075416788394127,0.4070483114795982,10.192034646906048,0.16042235813575387,12.17854160244653,0.27342634466601834,2006.4157107060516,217.48187433115191,61.505178191254466,2.861138027656411,0.04033871735148369,0.01582314435500749,11.075416788394127,0.4070483114795982,1.0,0.0,0.11147867453590848,0.015004763257990193,0.1579376948571666,0.01701635586964986,4.529394097108658,0.11304360965177873,2.0361388044179387,0.053204347165548574,0.0,0.0,0.0,0.0,1.0,0.0,1.0,0.0,4.548534045067466,0.12217731938012832,1.4651723381307453,0.08734129183798642,2.049816221848692,0.060411144319887394
gamma_only_model,8,11.075416788394127,0.4070483114795982,10.192034646906048,0.16042235813575387,12.17854160244653,0.27342634466601834,2006.4157107060516,217.48187433115191,61.505178191254466,2.861138027656411,0.04033871735148369,0.01582314435500749,11.98921478235558,0.4180598346476163,0.8313419128013909,0.013905094777212851,0.04933584086426414,0.0036531004584898635,0.09793863977686389,0.006946709183932592,4.044777610719353,0.10730497882314155,1.7144765500732602,0.027883688817941718,0.2802548176024393,0.017217000984775355,0.3532883587565796,0.014440767442741066,0.36645682364098126,0.015472495783760731,0.4519382159278739,0.01978903010542969,4.011494454761273,0.13211613483377757,0.9826447587526079,0.07572744683840445,1.731659249743189,0.05305427422380521
gamma_0_model,8,11.075416788394127,0.4070483114795982,10.192034646906048,0.16042235813575387,12.17854160244653,0.27342634466601834,2006.4157107060516,217.48187433115191,61.505178191254466,2.861138027656411,0.04033871735148369,0.01582314435500749,11.960703985381832,0.4181968385035925,0.8468482400304767,0.013496824014461149,0.04085690627361739,0.0035527019850511475,0.08017671649393271,0.006614452300205196,4.112497874077268,0.10667593831396466,1.7581296616928397,0.028384764977557854,0.26988748608083796,0.01757363043882416,0.3455122248260336,0.014397553293933623,0.38460028909312854,0.015884696378448058,0.46316864240532896,0.019884581042236362,4.123850978886465,0.1331823229665944,1.0461715630683803,0.08031912894466202,1.7817880419955792,0.052854010627610595
gamma_no_same_model,8,11.075416788394127,0.4070483114795982,10.192034646906048,0.16042235813575387,12.17854160244653,0.27342634466601834,2006.4157107060516,217.48187433115191,61.505178191254466,2.861138027656411,0.04033871735148369,0.01582314435500749,12.05171412175522,0.41550720598158297,0.8341104569663889,0.013790597242090802,0.14458341632846095,0.007961288620266882,0.23751310553095117,0.012185289012735858,3.977626334674125,0.1080527008335591,1.67468453509649,0.02752563857779026,0.3165458892194216,0.0174330083104295,0.3432055549222514,0.014898252454938447,0.3402485558583271,0.01453721362739938,0.4177119294191766,0.01980309708154452,3.933431788223497,0.11304186941959106,0.9179089579066741,0.06453260002230768,1.6954593625277747,0.04630231049930999
eureka_model,8,11.075416788394127,0.4070483114795982,10.192034646906048,0.16042235813575387,12.17854160244653,0.27342634466601834,2006.4157107060516,217.48187433115191,61.505178191254466,2.861138027656411,0.04033871735148369,0.01582314435500749,11.73281909663405,0.44374303615235977,0.7653244789049468,0.02701119466480265,0.10671214963944868,0.007421523294067679,0.18383653923971405,0.010188688832944387,4.50418938886955,0.10439783389065996,2.028834958056674,0.04346634605776004,0.1805904443597959,0.0154270408922056,0.2962214195203358,0.03513720134610618,0.523188136119868,0.04820393286864927,0.6806009588410246,0.045781464339341424,4.534466660672461,0.12534755754237648,1.4568484807796431,0.0883249195522328,2.0847965538019917,0.06055974055722422
forward_search,8,11.075416788394127,0.4070483114795982,10.192034646906048,0.16042235813575387,12.17854160244653,0.27342634466601834,2006.4157107060516,217.48187433115191,61.505178191254466,2.861138027656411,0.04033871735148369,0.01582314435500749,11.902406656519455,0.4537815238634461,0.6875265265442043,0.02447946150425233,0.09341764261567254,0.006833066727765277,0.17743725798338592,0.01185454535122323,4.566683313563837,0.10367661647499053,2.077210164286374,0.04342588812558781,0.20355407786035432,0.02747982694506577,0.4198817124046219,0.01924750686180182,0.3765642097350238,0.04253464110465502,0.5511233165614535,0.04419917284624271,4.644827360168872,0.13727738633743383,1.5492936779115378,0.09807469938363372,2.133243301305172,0.06725051412061127
opt_rand_model,8,11.075416788394127,0.4070483114795982,10.192034646906048,0.16042235813575387,12.17854160244653,0.27342634466601834,2006.4157107060516,217.48187433115191,61.505178191254466,2.861138027656411,0.04033871735148369,0.01582314435500749,11.668234994529348,0.42249585506363635,0.790642434464869,0.014041220049778804,0.10377448288321907,0.007654554716785197,0.17850334927557973,0.010473742143930667,4.521965839374961,0.1029681262721754,2.037914184434482,0.04194059347052271,0.16474925744762842,0.011097430545336124,0.2633196912399659,0.015201749163509767,0.5719310513124056,0.02233744823166012,0.7331540597159328,0.019980156427264466,4.525743894202159,0.12128448607728476,1.4338672574829725,0.0947139443977121,2.046090939171318,0.059889548026879624
hill_climbing_model,8,11.075416788394127,0.4070483114795982,10.192034646906048,0.16042235813575387,12.17854160244653,0.27342634466601834,2006.4157107060516,217.48187433115191,61.505178191254466,2.861138027656411,0.04033871735148369,0.01582314435500749,12.1311873342974,0.4011299351057093,0.6525335638931112,0.016338039205112773,0.1132663843893376,0.005083505062624043,0.20769128641655907,0.00930409771684175,4.207656833407498,0.11033447177466577,1.840001045933557,0.0392140628057665,0.28741365133015,0.013713665491586854,0.48094324324297294,0.0129801630920554,0.23164310542687724,0.009185623955775433,0.37500978491396014,0.018300078485115865,4.2177008040205415,0.15248784513594615,1.2116422043418096,0.0997119579558819,1.9260744971898838,0.06674552963443088
data,7,9.768132050317071,0.379909436159995,9.910768638865932,0.1675233647248912,11.507728164670763,0.3453125808848219,1956.446462031326,286.29638174559256,66.72903617734485,3.4718357080445785,0.035523906631997046,0.019623627327765653,10.475923632806186,0.4048696206607573,0.8336229520025927,0.020336113997884386,0.07188034900510233,0.01591553988597474,0.09126611764681225,0.01723010202236398,4.25463866443604,0.10605890720607548,1.8896281312508183,0.05018110821688472,0.20574846437198252,0.024736434649128634,0.29629465374515235,0.02648203671010276,0.497956881882865,0.032032035449716605,0.5964402177502052,0.033530062385412916,4.25463866443604,0.10605890720607548,1.1404875061447766,0.06798407639373165,1.8896281312508183,0.05018110821688472
random_model,7,9.768132050317071,0.379909436159995,9.910768638865932,0.1675233647248912,11.507728164670763,0.3453125808848219,1956.446462031326,286.29638174559256,66.72903617734485,3.4718357080445785,0.035523906631997046,0.019623627327765653,10.862558218474252,0.3806689251524935,0.6496539188729294,0.019557583854514272,0.10640452870962573,0.004136225716073859,0.21353715211351326,0.00790409172618741,4.496115252774642,0.09547100152948006,2.0073913641514474,0.03999233475687289,0.3081688983680483,0.015393254372701346,0.4780883714210842,0.012663401684227167,0.2137427302108677,0.00955885354233103,0.3563297808074969,0.01940053378510731,4.569033077414667,0.11538496770548477,1.4116742696775508,0.09121101239100324,2.0867313719231393,0.0686898308895662
optimal_model,7,9.768132050317071,0.379909436159995,9.910768638865932,0.1675233647248912,11.507728164670763,0.3453125808848219,1956.446462031326,286.29638174559256,66.72903617734485,3.4718357080445785,0.035523906631997046,0.019623627327765653,9.768132050317071,0.379909436159995,1.0,0.0,0.10947634713574922,0.014883334004910594,0.14988816554211593,0.018457140046188338,4.494715206981612,0.10445526593449202,1.989726273548428,0.04640669358548149,0.0,0.0,0.0,0.0,1.0,0.0,1.0,0.0,4.502783735669884,0.10561947838743309,1.3329515041188014,0.08225316278451256,1.9964487428401563,0.054714813002345174
gamma_only_model,7,9.768132050317071,0.379909436159995,9.910768638865932,0.1675233647248912,11.507728164670763,0.3453125808848219,1956.446462031326,286.29638174559256,66.72903617734485,3.4718357080445785,0.035523906631997046,0.019623627327765653,10.668159560850382,0.39833267192057553,0.8467148236215087,0.012632325721099612,0.05078051723759892,0.004543377561580885,0.10095664580469041,0.007925170031226761,4.131008640636441,0.09786122493772205,1.7402845960625803,0.025776336689921964,0.27443938208016005,0.016561336552809,0.35114874637299576,0.012369220079806354,0.37441187154684424,0.017325950980099647,0.4521805499217105,0.022660448038317293,4.084199063468215,0.10060858737311718,0.970664137355126,0.06888965685138435,1.7437285969313414,0.049007056201539695
gamma_0_model,7,9.768132050317071,0.379909436159995,9.910768638865932,0.1675233647248912,11.507728164670763,0.3453125808848219,1956.446462031326,286.29638174559256,66.72903617734485,3.4718357080445785,0.035523906631997046,0.019623627327765653,10.63185961085597,0.4031652862884385,0.8641628012476216,0.0103042017848246,0.04164400314728563,0.003818457936743343,0.0825196601432974,0.006506690639845203,4.1813514090798245,0.09754910517782711,1.773140715369097,0.028280101071283037,0.26073408848092583,0.017319718392904217,0.3422593835770513,0.011943173940125852,0.39700652794202285,0.019172723518579935,0.4673515599735253,0.024182450377187716,4.195797619418959,0.10464620230689971,1.0293603815339265,0.06916484118994605,1.7851174919835118,0.05015173672991729
gamma_no_same_model,7,9.768132050317071,0.379909436159995,9.910768638865932,0.1675233647248912,11.507728164670763,0.3453125808848219,1956.446462031326,286.29638174559256,66.72903617734485,3.4718357080445785,0.035523906631997046,0.019623627327765653,10.748344565198542,0.3932956999137074,0.8501874536027527,0.013762336052669015,0.1522773191561005,0.007404037209497165,0.2514729200447938,0.009734994141633526,4.073855187950073,0.09670717493725858,1.7022708473304686,0.025662573954254364,0.3198403688905498,0.016423537204556023,0.3405317771003734,0.013201933293792052,0.33962785400907675,0.015265194550219314,0.4081146377033188,0.01920083143208124,4.026707570170669,0.11708339213157498,0.9278184107706224,0.07131057534517607,1.7151083804387115,0.0524763298934892
eureka_model,7,9.768132050317071,0.379909436159995,9.910768638865932,0.1675233647248912,11.507728164670763,0.3453125808848219,1956.446462031326,286.29638174559256,66.72903617734485,3.4718357080445785,0.035523906631997046,0.019623627327765653,10.308166475121826,0.3968279609350289,0.827324626146585,0.013281833138260748,0.10425505959539141,0.008436751909225005,0.17638090183017555,0.011759774211957837,4.50904131144926,0.09760471943605482,2.0048383061829402,0.040104152583226194,0.1522871234589619,0.013508661415246244,0.23546017788683674,0.016249964802685226,0.6122526986542013,0.02667901055168236,0.7463742346981715,0.024389502849644484,4.507951111827886,0.11362671863477078,1.3504477843721818,0.08479528382098421,2.018216139796458,0.05858277481969152
forward_search,7,9.768132050317071,0.379909436159995,9.910768638865932,0.1675233647248912,11.507728164670763,0.3453125808848219,1956.446462031326,286.29638174559256,66.72903617734485,3.4718357080445785,0.035523906631997046,0.019623627327765653,10.511452919782329,0.43258276636365545,0.7435395364409155,0.018010559234943147,0.09299550033451724,0.007237529610061331,0.17386423319410366,0.013678918843101297,4.592233937572222,0.08734221789715604,2.070938640652069,0.041326731975212305,0.17374191560048918,0.031183535069000904,0.39583703826427896,0.016396861453498505,0.4304210461352319,0.044336557907214205,0.5824983165561646,0.04962382125500714,4.645490264500258,0.1194199979272117,1.4571510326243324,0.09282790234313497,2.100878905926106,0.06616874882173297
opt_rand_model,7,9.768132050317071,0.379909436159995,9.910768638865932,0.1675233647248912,11.507728164670763,0.3453125808848219,1956.446462031326,286.29638174559256,66.72903617734485,3.4718357080445785,0.035523906631997046,0.019623627327765653,10.369327077770441,0.399442431894733,0.8091753498520211,0.012040245414146568,0.1055459879192101,0.007726026925816566,0.18141319842882028,0.010708686279870625,4.512855515217598,0.09614628275849355,2.008038938415925,0.03885730672331834,0.1698046589971931,0.012152137533282203,0.2615857094589835,0.01416755188827575,0.5686096315438234,0.02212079576093728,0.7121473424381702,0.02251503559517352,4.5405287887349335,0.11295542342563576,1.363427324428167,0.07410994105528797,2.0326962856534583,0.05266544197491313
hill_climbing_model,7,9.768132050317071,0.379909436159995,9.910768638865932,0.1675233647248912,11.507728164670763,0.3453125808848219,1956.446462031326,286.29638174559256,66.72903617734485,3.4718357080445785,0.035523906631997046,0.019623627327765653,10.828293818014355,0.37970641279943074,0.679487415300161,0.018148921076499736,0.11561290556803062,0.006546753374838404,0.21607647377177047,0.009248230914240759,4.281429746870178,0.11002102020390041,1.8614777291563396,0.040273938085146246,0.29474061810631863,0.015065737904909782,0.4706805314846513,0.013225423267826783,0.23457885040903,0.01204456438454765,0.3657118013050721,0.01848091816059366,4.259018740546994,0.14167501916897643,1.184501643858125,0.09657697173401543,1.9271539372760438,0.07444012952612404
