subject,model,nll,cv_nll,params
A30KYQGABO7JER:37TD41K0AIHM8AITTQJXV8KY05QCSB,gamma_only_model,1844.0971763357666,1844.248137468524,[0.037169815395421385]
A30KYQGABO7JER:37TD41K0AIHM8AITTQJXV8KY05QCSB,gamma_0_model,1864.5884251681252,1865.3626842523765,[0.2721320991438213]
A30KYQGABO7JER:37TD41K0AIHM8AITTQJXV8KY05QCSB,gamma_no_same_model,1980.8084373709444,1983.3171373056227,[0.05514336938926562]
A30KYQGABO7JER:37TD41K0AIHM8AITTQJXV8KY05QCSB,eureka_model,1981.0679764255092,1992.3226944314001,"[13.00000000444934, 0.46597341677811643]"
A30KYQGABO7JER:37TD41K0AIHM8AITTQJXV8KY05QCSB,forward_search,2011.076526980894,2026.1911315618959,"[0.7259520535424401, 3.5362955e8]"
A30KYQGABO7JER:37TD41K0AIHM8AITTQJXV8KY05QCSB,opt_rand_model,1983.2921040581696,1983.47475394642,[0.48433604374594996]
A30KYQGABO7JER:37TD41K0AIHM8AITTQJXV8KY05QCSB,hill_climbing_model,2371.922225270132,2374.656599220209,"[0.6594835767812579, -1.0665807425764025, 0.15506553408618107]"
A30KYQGABO7JER:37TD41K0AIHM8AITTQJXV8KY05QCSB,random_model,2480.135253954254,2480.135253954237,[0.3819660112501051]
A15FXHC1CVNW31:3TS1AR6UQRM7SOIBWPBN8N9589Y7FV,gamma_only_model,2901.8090144421576,2902.8402881920106,[0.08805815058362026]
A15FXHC1CVNW31:3TS1AR6UQRM7SOIBWPBN8N9589Y7FV,gamma_0_model,2912.828276699561,2914.0907670184893,[0.46493774190741155]
A15FXHC1CVNW31:3TS1AR6UQRM7SOIBWPBN8N9589Y7FV,gamma_no_same_model,3028.5613801747286,3033.4015506519927,[0.12931741587612064]
A15FXHC1CVNW31:3TS1AR6UQRM7SOIBWPBN8N9589Y7FV,eureka_model,3093.3114075536955,3094.474372256187,"[17.0, 0.6665705356752709]"
A15FXHC1CVNW31:3TS1AR6UQRM7SOIBWPBN8N9589Y7FV,forward_search,3135.3454488536236,3137.8345478824913,"[1.1666443402835154, 463090.0]"
A15FXHC1CVNW31:3TS1AR6UQRM7SOIBWPBN8N9589Y7FV,opt_rand_model,3093.3749297521567,3093.5605522961587,[0.6669946998421127]
A15FXHC1CVNW31:3TS1AR6UQRM7SOIBWPBN8N9589Y7FV,hill_climbing_model,3290.902771863377,3294.9463310976003,"[0.0003591610758317783, -0.9438513911982191, 0.007492711594919953]"
A15FXHC1CVNW31:3TS1AR6UQRM7SOIBWPBN8N9589Y7FV,random_model,3403.6509677013937,3403.6509677013596,[0.3819660112501051]
A1IUH9D7N69VS:3FTF2T8WLSQDHTSZ1BJ7Q7MB14SW9H,gamma_only_model,2149.5088696898047,2150.728310547698,[0.03342615234862963]
A1IUH9D7N69VS:3FTF2T8WLSQDHTSZ1BJ7Q7MB14SW9H,gamma_0_model,2191.8565650533747,2192.1898571972356,[0.2668325637995646]
A1IUH9D7N69VS:3FTF2T8WLSQDHTSZ1BJ7Q7MB14SW9H,gamma_no_same_model,2335.6390496640724,2337.019810448536,[0.05283079928341334]
A1IUH9D7N69VS:3FTF2T8WLSQDHTSZ1BJ7Q7MB14SW9H,eureka_model,2221.9606772911957,2251.7037816050542,"[11.99304590450095, 0.29909676318059764]"
A1IUH9D7N69VS:3FTF2T8WLSQDHTSZ1BJ7Q7MB14SW9H,forward_search,2190.7039355500287,2191.606863154374,"[0.8240993641862824, 1.0e10]"
A1IUH9D7N69VS:3FTF2T8WLSQDHTSZ1BJ7Q7MB14SW9H,opt_rand_model,2280.828768288331,2282.0514616422042,[0.4479754427048051]
A1IUH9D7N69VS:3FTF2T8WLSQDHTSZ1BJ7Q7MB14SW9H,hill_climbing_model,2801.4303580607484,2802.882988527867,"[0.024600135361186642, -1.1740985411452078, -0.01365457646514573]"
A1IUH9D7N69VS:3FTF2T8WLSQDHTSZ1BJ7Q7MB14SW9H,random_model,2945.824623050037,2945.82462305,[0.3819660112501051]
A1F4N58CAX8IMK:35DR22AR5ES6RR89U7EJ1DXW91AX3P,gamma_only_model,3474.924293691573,3475.9194241300784,[0.05923752410367139]
A1F4N58CAX8IMK:35DR22AR5ES6RR89U7EJ1DXW91AX3P,gamma_0_model,3504.5217521399277,3505.801651108957,[0.3886616415048049]
A1F4N58CAX8IMK:35DR22AR5ES6RR89U7EJ1DXW91AX3P,gamma_no_same_model,3685.321753996833,3685.8589768369984,[0.09152558139504492]
A1F4N58CAX8IMK:35DR22AR5ES6RR89U7EJ1DXW91AX3P,eureka_model,3781.3764881916554,3776.065043424642,"[13.463681367504883, 0.5854352904259105]"
A1F4N58CAX8IMK:35DR22AR5ES6RR89U7EJ1DXW91AX3P,forward_search,3828.7718918897554,3839.316490555815,"[1.2044810567916968, 6.263207e6]"
A1F4N58CAX8IMK:35DR22AR5ES6RR89U7EJ1DXW91AX3P,opt_rand_model,3809.542853817994,3811.2070936199493,[0.6251410497315718]
A1F4N58CAX8IMK:35DR22AR5ES6RR89U7EJ1DXW91AX3P,hill_climbing_model,4107.087195821386,4109.923057001458,"[0.6657774716895509, -1.1732084275628332, 0.04843312693655688]"
A1F4N58CAX8IMK:35DR22AR5ES6RR89U7EJ1DXW91AX3P,random_model,4310.1492061074,4310.149206107354,[0.3819660112501051]
A18T3WK7J16C1B:3IJXV6UZ1YR1KY4G6BFEG1DXR47RIC,gamma_only_model,3255.2077179713283,3256.658866353514,[0.0806864939689419]
A18T3WK7J16C1B:3IJXV6UZ1YR1KY4G6BFEG1DXR47RIC,gamma_0_model,3266.8080691095615,3268.10634208972,[0.4402051807255154]
A18T3WK7J16C1B:3IJXV6UZ1YR1KY4G6BFEG1DXR47RIC,gamma_no_same_model,3404.900275952253,3405.3558744495167,[0.11997508619423208]
A18T3WK7J16C1B:3IJXV6UZ1YR1KY4G6BFEG1DXR47RIC,eureka_model,3363.9754463203963,3374.10711787139,"[11.973193486401327, 0.4770504583612572]"
A18T3WK7J16C1B:3IJXV6UZ1YR1KY4G6BFEG1DXR47RIC,forward_search,3347.1163709712587,3358.1043108285376,"[1.1038203065206171, 2.08122156e8]"
A18T3WK7J16C1B:3IJXV6UZ1YR1KY4G6BFEG1DXR47RIC,opt_rand_model,3429.7483737764596,3430.4532135108198,[0.6140074103220433]
A18T3WK7J16C1B:3IJXV6UZ1YR1KY4G6BFEG1DXR47RIC,hill_climbing_model,3727.986891753258,3732.4139389178326,"[0.20017957659109387, -1.026448021012757, -0.03451244667817319]"
A18T3WK7J16C1B:3IJXV6UZ1YR1KY4G6BFEG1DXR47RIC,random_model,3896.3207319524163,3896.320731952373,[0.3819660112501051]
A1ZTSCPETU3UJW:3XC1O3LBOTUGQEPEV3HM8W67X4RTLL,gamma_only_model,1345.2721396412549,1347.253819745209,[0.06972959633799487]
A1ZTSCPETU3UJW:3XC1O3LBOTUGQEPEV3HM8W67X4RTLL,gamma_0_model,1346.094759973074,1347.9158597102928,[0.3641019753541792]
A1ZTSCPETU3UJW:3XC1O3LBOTUGQEPEV3HM8W67X4RTLL,gamma_no_same_model,1421.1735605200856,1421.6141106043117,[0.10897818756393228]
A1ZTSCPETU3UJW:3XC1O3LBOTUGQEPEV3HM8W67X4RTLL,eureka_model,1362.467294727886,1369.2286462460347,"[12.976799247329103, 0.4543209772154494]"
A1ZTSCPETU3UJW:3XC1O3LBOTUGQEPEV3HM8W67X4RTLL,forward_search,1353.915730992485,1361.2854791411487,"[1.0748779904000458, 2.566902715e9]"
A1ZTSCPETU3UJW:3XC1O3LBOTUGQEPEV3HM8W67X4RTLL,opt_rand_model,1377.3845981017596,1380.0028247841713,[0.5037924577742358]
A1ZTSCPETU3UJW:3XC1O3LBOTUGQEPEV3HM8W67X4RTLL,hill_climbing_model,1609.4863746948452,1610.8755284703125,"[0.5449068260162133, -1.0927567537661722, -0.057906255277828195]"
A1ZTSCPETU3UJW:3XC1O3LBOTUGQEPEV3HM8W67X4RTLL,random_model,1687.9035888541077,1687.9035888540993,[0.3819660112501051]
A1F4N58CAX8IMK:3TS1AR6UQRM7SOIBWPBN8N9589Y7FV,gamma_only_model,2859.4169079086264,2860.3967861369215,[0.08163861846496173]
A1F4N58CAX8IMK:3TS1AR6UQRM7SOIBWPBN8N9589Y7FV,gamma_0_model,2941.4746858261365,2942.1121950798206,[0.461149219205605]
A1F4N58CAX8IMK:3TS1AR6UQRM7SOIBWPBN8N9589Y7FV,gamma_no_same_model,3004.6750827237624,3005.649625536674,[0.1176193069312627]
A1F4N58CAX8IMK:3TS1AR6UQRM7SOIBWPBN8N9589Y7FV,eureka_model,3069.175138971847,3084.6865220863046,"[13.960035426027572, 0.6026162614944893]"
A1F4N58CAX8IMK:3TS1AR6UQRM7SOIBWPBN8N9589Y7FV,forward_search,3103.3920562133712,3130.556612635244,"[1.4749093539559055, 7.707027e6]"
A1F4N58CAX8IMK:3TS1AR6UQRM7SOIBWPBN8N9589Y7FV,opt_rand_model,3078.822760719232,3080.2817983810796,[0.6229673397439798]
A1F4N58CAX8IMK:3TS1AR6UQRM7SOIBWPBN8N9589Y7FV,hill_climbing_model,3304.9496690543046,3307.366945982966,"[0.6926077467145091, -1.2485037190309003, 0.05255894883353206]"
A1F4N58CAX8IMK:3TS1AR6UQRM7SOIBWPBN8N9589Y7FV,random_model,3503.6577089548227,3503.65770895478,[0.3819660112501051]
A214HWAW1PYWO8:34BBWHLWHBJ6SUL255PK30LEGY5IWG,gamma_only_model,2608.8288460086687,2611.2532527769636,[0.06205485758248372]
A214HWAW1PYWO8:34BBWHLWHBJ6SUL255PK30LEGY5IWG,gamma_0_model,2645.6899951927553,2647.0184939358796,[0.3786331907354915]
A214HWAW1PYWO8:34BBWHLWHBJ6SUL255PK30LEGY5IWG,gamma_no_same_model,2694.23961669703,2695.2338062263775,[0.07520838809742432]
A214HWAW1PYWO8:34BBWHLWHBJ6SUL255PK30LEGY5IWG,eureka_model,2583.215352176297,2584.6845225848006,"[12.50000232224254, 0.4121775617807369]"
A214HWAW1PYWO8:34BBWHLWHBJ6SUL255PK30LEGY5IWG,forward_search,2643.728911831099,2644.07791178856,"[0.9016994374947426, 4.782772017e9]"
A214HWAW1PYWO8:34BBWHLWHBJ6SUL255PK30LEGY5IWG,opt_rand_model,2611.3569301132447,2612.8839375272255,[0.4795973709662022]
A214HWAW1PYWO8:34BBWHLWHBJ6SUL255PK30LEGY5IWG,hill_climbing_model,3128.5159046585427,3134.577330540022,"[0.00034368606204383286, -1.079504084720149, 0.08718355434905564]"
A214HWAW1PYWO8:34BBWHLWHBJ6SUL255PK30LEGY5IWG,random_model,3287.6069116344734,3287.60691163444,[0.3819660112501051]
ACN0C9HPYDTED:36DSNE9QZ66UIWW6W1JAY7NSUULJOD,gamma_only_model,2475.677864865535,2478.445160150055,[0.0728424489183471]
ACN0C9HPYDTED:36DSNE9QZ66UIWW6W1JAY7NSUULJOD,gamma_0_model,2495.3235574550126,2495.672904183661,[0.3873148936420376]
ACN0C9HPYDTED:36DSNE9QZ66UIWW6W1JAY7NSUULJOD,gamma_no_same_model,2546.38267277391,2546.72327259876,[0.08462893722812587]
ACN0C9HPYDTED:36DSNE9QZ66UIWW6W1JAY7NSUULJOD,eureka_model,2529.5099804389074,2545.625294812485,"[15.000000528478934, 0.5173333651267262]"
ACN0C9HPYDTED:36DSNE9QZ66UIWW6W1JAY7NSUULJOD,forward_search,2544.686884905023,2554.3419633875137,"[1.2846115814689523, 6.2921461e8]"
ACN0C9HPYDTED:36DSNE9QZ66UIWW6W1JAY7NSUULJOD,opt_rand_model,2529.7579239234433,2530.4128406061927,[0.51796642218492]
ACN0C9HPYDTED:36DSNE9QZ66UIWW6W1JAY7NSUULJOD,hill_climbing_model,2950.5942724044266,2956.5255501752326,"[0.6641114923452551, -0.9481718333857962, -0.00010636103746472687]"
ACN0C9HPYDTED:36DSNE9QZ66UIWW6W1JAY7NSUULJOD,random_model,3050.7259805934546,3050.7259805934286,[0.3819660112501051]
A3BPRPN10HJD4B:3TXD01ZLD5PZSJXIPG8FRBQYTI9U4X,gamma_only_model,2527.033102413681,2527.3769381442216,[0.10926214114115813]
A3BPRPN10HJD4B:3TXD01ZLD5PZSJXIPG8FRBQYTI9U4X,gamma_0_model,2534.912665406231,2535.454364047095,[0.5368400759995652]
A3BPRPN10HJD4B:3TXD01ZLD5PZSJXIPG8FRBQYTI9U4X,gamma_no_same_model,2587.03788224689,2587.4047762535706,[0.1493110958648501]
A3BPRPN10HJD4B:3TXD01ZLD5PZSJXIPG8FRBQYTI9U4X,eureka_model,2615.128065895842,2622.090066435955,"[12.000000000009228, 0.6549954429568005]"
A3BPRPN10HJD4B:3TXD01ZLD5PZSJXIPG8FRBQYTI9U4X,forward_search,2619.815975819261,2621.4754588964624,"[1.1961541062768766, 903557.0]"
A3BPRPN10HJD4B:3TXD01ZLD5PZSJXIPG8FRBQYTI9U4X,opt_rand_model,2629.2940114134312,2629.6483895228544,[0.7007641794845816]
A3BPRPN10HJD4B:3TXD01ZLD5PZSJXIPG8FRBQYTI9U4X,hill_climbing_model,2715.097356412002,2718.1606809012565,"[0.7153637914534218, -1.0650685961583144, 0.2518445831203065]"
A3BPRPN10HJD4B:3TXD01ZLD5PZSJXIPG8FRBQYTI9U4X,random_model,2835.533043117363,2835.5330431173384,[0.3819660112501051]
AJ5FWZJS4V0HM:32N49TQG3HQE7N2Z37SB00EH0G9VAS,gamma_only_model,1207.0466158349795,1208.1998726025631,[0.067776662856381]
AJ5FWZJS4V0HM:32N49TQG3HQE7N2Z37SB00EH0G9VAS,gamma_0_model,1242.9282111383127,1245.904571370784,[0.37631087745939357]
AJ5FWZJS4V0HM:32N49TQG3HQE7N2Z37SB00EH0G9VAS,gamma_no_same_model,1239.9356893903434,1241.7259487406652,[0.0789793417855123]
AJ5FWZJS4V0HM:32N49TQG3HQE7N2Z37SB00EH0G9VAS,eureka_model,1193.1467770025297,1193.7297603458883,"[10.73147713517816, 0.3046601603131172]"
AJ5FWZJS4V0HM:32N49TQG3HQE7N2Z37SB00EH0G9VAS,forward_search,1170.7797563487836,1172.5131053027528,"[0.7903731854789102, 1.0e10]"
AJ5FWZJS4V0HM:32N49TQG3HQE7N2Z37SB00EH0G9VAS,opt_rand_model,1238.3876019932372,1239.5337292159695,[0.4833186956107526]
AJ5FWZJS4V0HM:32N49TQG3HQE7N2Z37SB00EH0G9VAS,hill_climbing_model,1449.991014723699,1452.2828219888127,"[0.7332739267663844, -1.31274894990617, -0.039196831734688145]"
AJ5FWZJS4V0HM:32N49TQG3HQE7N2Z37SB00EH0G9VAS,random_model,1555.4615076436346,1555.4615076436266,[0.3819660112501051]
A28RX7L0QZ993M:3SITXWYCNWHBUMCM90TPJWV8Y7AXBW,gamma_only_model,436.82095737730384,437.55003445116745,[0.09213590890568792]
A28RX7L0QZ993M:3SITXWYCNWHBUMCM90TPJWV8Y7AXBW,gamma_0_model,436.2812890872773,437.97659319958785,[0.3687089982332256]
A28RX7L0QZ993M:3SITXWYCNWHBUMCM90TPJWV8Y7AXBW,gamma_no_same_model,445.5631829661094,446.34730111665004,[0.10741097532051314]
A28RX7L0QZ993M:3SITXWYCNWHBUMCM90TPJWV8Y7AXBW,eureka_model,445.4668619404674,451.5161340388224,"[10.999999999999815, 0.46284677079045733]"
A28RX7L0QZ993M:3SITXWYCNWHBUMCM90TPJWV8Y7AXBW,forward_search,435.21748575889575,441.5537723109778,"[1.013473032053651, 7.22534949e8]"
A28RX7L0QZ993M:3SITXWYCNWHBUMCM90TPJWV8Y7AXBW,opt_rand_model,443.6424829965414,443.7266998366483,[0.48213368131345063]
A28RX7L0QZ993M:3SITXWYCNWHBUMCM90TPJWV8Y7AXBW,hill_climbing_model,507.7577760144467,510.517833428559,"[0.8235288976433657, -1.674816942322967, -0.13159467773872502]"
A28RX7L0QZ993M:3SITXWYCNWHBUMCM90TPJWV8Y7AXBW,random_model,555.5598779750603,555.5598779750602,[0.3819660112501051]
A23XJ8I86R0O3B:30IQTZXKALEAAZ9CBKW0ZFZP6O5X07,gamma_only_model,1476.5452300353782,1480.5851346067964,[0.10473731938593023]
A23XJ8I86R0O3B:30IQTZXKALEAAZ9CBKW0ZFZP6O5X07,gamma_0_model,1466.0388303355826,1467.7405179112043,[0.4709416481618852]
A23XJ8I86R0O3B:30IQTZXKALEAAZ9CBKW0ZFZP6O5X07,gamma_no_same_model,1507.0241266334178,1507.4209250279807,[0.12924942008375745]
A23XJ8I86R0O3B:30IQTZXKALEAAZ9CBKW0ZFZP6O5X07,eureka_model,1498.3156294473067,1499.3941536319157,"[13.0, 0.5884544075127912]"
A23XJ8I86R0O3B:30IQTZXKALEAAZ9CBKW0ZFZP6O5X07,forward_search,1487.9922940896838,1490.160369129583,"[1.4575213571656513, 3.9591102e7]"
A23XJ8I86R0O3B:30IQTZXKALEAAZ9CBKW0ZFZP6O5X07,opt_rand_model,1503.8169558680088,1505.529500551112,[0.6201314852314849]
A23XJ8I86R0O3B:30IQTZXKALEAAZ9CBKW0ZFZP6O5X07,hill_climbing_model,1641.5588681160264,1643.3702032014533,"[0.6412570142792499, -1.0353206623372848, -0.153036182636578]"
A23XJ8I86R0O3B:30IQTZXKALEAAZ9CBKW0ZFZP6O5X07,random_model,1696.841039467749,1696.84103946774,[0.3819660112501051]
A21LB023L14XC1:3NPI0JQDAPD6HZ4CNVATPDFR24STPZ,gamma_only_model,1625.6061175315504,1626.414046387637,[0.030018968999637134]
A21LB023L14XC1:3NPI0JQDAPD6HZ4CNVATPDFR24STPZ,gamma_0_model,1652.2324061563788,1653.9533769890018,[0.2159473614923725]
A21LB023L14XC1:3NPI0JQDAPD6HZ4CNVATPDFR24STPZ,gamma_no_same_model,1765.4575989348127,1766.7953121981077,[0.044052869491336986]
A21LB023L14XC1:3NPI0JQDAPD6HZ4CNVATPDFR24STPZ,eureka_model,1727.5848261796482,1730.7238426622941,"[10.979849485818253, 0.2892310808454165]"
A21LB023L14XC1:3NPI0JQDAPD6HZ4CNVATPDFR24STPZ,forward_search,1738.2954905012796,1740.2085905530926,"[0.8554173727775414, 1.0e10]"
A21LB023L14XC1:3NPI0JQDAPD6HZ4CNVATPDFR24STPZ,opt_rand_model,1735.2195790106616,1736.3662564583292,[0.4017189666648956]
A21LB023L14XC1:3NPI0JQDAPD6HZ4CNVATPDFR24STPZ,hill_climbing_model,2216.569619943978,2218.716297532806,"[0.5226461430358144, -1.3093992829029253, 0.021988144616251978]"
A21LB023L14XC1:3NPI0JQDAPD6HZ4CNVATPDFR24STPZ,random_model,2371.6708492269827,2371.6708492269618,[0.3819660112501051]
A289D98Z4GAZ28:3ZV9H2YQQEFR2R3JK2IXZUJPXAF3WW,gamma_only_model,2102.5326600066387,2102.9468499776285,[0.048942486696181134]
A289D98Z4GAZ28:3ZV9H2YQQEFR2R3JK2IXZUJPXAF3WW,gamma_0_model,2078.669685535372,2079.8521801049715,[0.3653236656988372]
A289D98Z4GAZ28:3ZV9H2YQQEFR2R3JK2IXZUJPXAF3WW,gamma_no_same_model,2216.1238342739584,2217.2115416335314,[0.07388864711437226]
A289D98Z4GAZ28:3ZV9H2YQQEFR2R3JK2IXZUJPXAF3WW,eureka_model,2277.264448207823,2286.7671855193016,"[13.952322201813024, 0.5001756867351487]"
A289D98Z4GAZ28:3ZV9H2YQQEFR2R3JK2IXZUJPXAF3WW,forward_search,2325.6840506102335,2332.355636451887,"[1.4663117118617288, 4.5462954e7]"
A289D98Z4GAZ28:3ZV9H2YQQEFR2R3JK2IXZUJPXAF3WW,opt_rand_model,2302.327401217003,2302.8316156933893,[0.5928121108037031]
A289D98Z4GAZ28:3ZV9H2YQQEFR2R3JK2IXZUJPXAF3WW,hill_climbing_model,2533.8498292208783,2537.3650543702156,"[0.6576735414212702, -1.0502659324150858, -0.013485674488833317]"
A289D98Z4GAZ28:3ZV9H2YQQEFR2R3JK2IXZUJPXAF3WW,random_model,2657.1865550465027,2657.1865550464986,[0.3819660112501051]
A3GXC3VG37CQ3G:3TPWUS5F8A9FFRZ2DVTYSXNJ6BWWC6,gamma_only_model,2124.937060225526,2125.8380040336897,[0.04147035416862567]
A3GXC3VG37CQ3G:3TPWUS5F8A9FFRZ2DVTYSXNJ6BWWC6,gamma_0_model,2132.1250840385414,2132.9703399160717,[0.2893306216614754]
A3GXC3VG37CQ3G:3TPWUS5F8A9FFRZ2DVTYSXNJ6BWWC6,gamma_no_same_model,2271.674899808879,2272.676299987876,[0.06343560517225512]
A3GXC3VG37CQ3G:3TPWUS5F8A9FFRZ2DVTYSXNJ6BWWC6,eureka_model,2205.2384326264723,2215.0235343790123,"[13.963222854852392, 0.4173048925238411]"
A3GXC3VG37CQ3G:3TPWUS5F8A9FFRZ2DVTYSXNJ6BWWC6,forward_search,2204.544726574231,2204.704416463742,"[0.9135618503911649, 1.0e10]"
A3GXC3VG37CQ3G:3TPWUS5F8A9FFRZ2DVTYSXNJ6BWWC6,opt_rand_model,2271.864701507229,2272.0044586344584,[0.506115859216321]
A3GXC3VG37CQ3G:3TPWUS5F8A9FFRZ2DVTYSXNJ6BWWC6,hill_climbing_model,2674.7166211741833,2678.3906948821514,"[0.6619894520613536, -1.0644234245141913, 0.07533886104248923]"
A3GXC3VG37CQ3G:3TPWUS5F8A9FFRZ2DVTYSXNJ6BWWC6,random_model,2799.4354207240344,2799.435420724006,[0.3819660112501051]
A1SJRFJWFXSDH4:3RUIQRXJBCWS71H9MUFVM5WQ3SCLLJ,gamma_only_model,460.03890505629835,463.36180091789595,[0.0810394790255567]
A1SJRFJWFXSDH4:3RUIQRXJBCWS71H9MUFVM5WQ3SCLLJ,gamma_0_model,469.66489498346306,470.02858510683876,[0.3926375498584998]
A1SJRFJWFXSDH4:3RUIQRXJBCWS71H9MUFVM5WQ3SCLLJ,gamma_no_same_model,480.1089364923144,480.64711046910327,[0.11058292496830431]
A1SJRFJWFXSDH4:3RUIQRXJBCWS71H9MUFVM5WQ3SCLLJ,eureka_model,463.52539512975756,470.89383093597127,"[12.97370383819652, 0.45916268611440403]"
A1SJRFJWFXSDH4:3RUIQRXJBCWS71H9MUFVM5WQ3SCLLJ,forward_search,448.3716124134223,451.33977480717886,"[0.8632202823605523, 3.798215306e9]"
A1SJRFJWFXSDH4:3RUIQRXJBCWS71H9MUFVM5WQ3SCLLJ,opt_rand_model,467.0293453871245,468.754716936274,[0.4947025827013891]
A1SJRFJWFXSDH4:3RUIQRXJBCWS71H9MUFVM5WQ3SCLLJ,hill_climbing_model,541.0517789070057,544.5227108982526,"[0.8006078278204942, -1.2689341838377837, -0.17636922776615252]"
A1SJRFJWFXSDH4:3RUIQRXJBCWS71H9MUFVM5WQ3SCLLJ,random_model,583.2882117286687,583.2882117286698,[0.3819660112501051]
A13BZCNJ0WR1T7:3TYCR1GOTDRCCQYD1V64UK7OHTBZLQ,gamma_only_model,2743.796078626896,2744.673706876486,[0.07516994036716051]
A13BZCNJ0WR1T7:3TYCR1GOTDRCCQYD1V64UK7OHTBZLQ,gamma_0_model,2799.267633325576,2799.815202295957,[0.4120698169451613]
A13BZCNJ0WR1T7:3TYCR1GOTDRCCQYD1V64UK7OHTBZLQ,gamma_no_same_model,2877.4686025086626,2878.0739380368873,[0.10336215633759002]
A13BZCNJ0WR1T7:3TYCR1GOTDRCCQYD1V64UK7OHTBZLQ,eureka_model,2898.1615927544244,2901.586264318399,"[13.952378948866755, 0.5351828579319114]"
A13BZCNJ0WR1T7:3TYCR1GOTDRCCQYD1V64UK7OHTBZLQ,forward_search,2982.498779682215,3001.746498267965,"[1.2223271178776403, 1.403289e7]"
A13BZCNJ0WR1T7:3TYCR1GOTDRCCQYD1V64UK7OHTBZLQ,opt_rand_model,2911.475511401805,2912.3497236392122,[0.5672973793791499]
A13BZCNJ0WR1T7:3TYCR1GOTDRCCQYD1V64UK7OHTBZLQ,hill_climbing_model,3240.4361669000514,3249.5366927757987,"[0.1740056825392915, -1.1964026817165356, 0.05889419151109087]"
A13BZCNJ0WR1T7:3TYCR1GOTDRCCQYD1V64UK7OHTBZLQ,random_model,3431.989057938852,3431.9890579388093,[0.3819660112501051]
ALH1K6ZAQQMN7:3IXEICO793RY7TM78ZBKJDOA7ADT6Q,gamma_only_model,2763.613015746748,2764.3052324642013,[0.05514447525320087]
ALH1K6ZAQQMN7:3IXEICO793RY7TM78ZBKJDOA7ADT6Q,gamma_0_model,2774.142353461938,2774.4793227199684,[0.35248771650197763]
ALH1K6ZAQQMN7:3IXEICO793RY7TM78ZBKJDOA7ADT6Q,gamma_no_same_model,2866.3305167003114,2866.9735109815374,[0.06191029244982918]
ALH1K6ZAQQMN7:3IXEICO793RY7TM78ZBKJDOA7ADT6Q,eureka_model,2801.21438182628,2818.0822441162773,"[13.971474201146858, 0.40559125270764307]"
ALH1K6ZAQQMN7:3IXEICO793RY7TM78ZBKJDOA7ADT6Q,forward_search,2881.2021123351133,2880.499699166573,"[1.633455125515244, 3.8689007e7]"
ALH1K6ZAQQMN7:3IXEICO793RY7TM78ZBKJDOA7ADT6Q,opt_rand_model,2833.0348718925393,2833.71076475304,[0.4920300185526423]
ALH1K6ZAQQMN7:3IXEICO793RY7TM78ZBKJDOA7ADT6Q,hill_climbing_model,3402.9772745806804,3405.85109520589,"[0.913327872160512, -0.9558347316944379, 0.11777917609789026]"
ALH1K6ZAQQMN7:3IXEICO793RY7TM78ZBKJDOA7ADT6Q,random_model,3529.850314530643,3529.8503145306054,[0.3819660112501051]
ARWF605I7RWM7:3AZHRG4CU5SYU12YRVPCSZALW5003R,gamma_only_model,4347.107765720313,4347.9644169652975,[0.0837927832220377]
ARWF605I7RWM7:3AZHRG4CU5SYU12YRVPCSZALW5003R,gamma_0_model,4401.09766971906,4401.298734982221,[0.5174464565055283]
ARWF605I7RWM7:3AZHRG4CU5SYU12YRVPCSZALW5003R,gamma_no_same_model,4541.147157323976,4542.136315198471,[0.13025879747633454]
ARWF605I7RWM7:3AZHRG4CU5SYU12YRVPCSZALW5003R,eureka_model,4672.433140815564,4678.40891553485,"[12.758548564721188, 0.6448911862846092]"
ARWF605I7RWM7:3AZHRG4CU5SYU12YRVPCSZALW5003R,forward_search,4670.313504621454,4673.783005348186,"[1.4663117118617288, 285400.0]"
ARWF605I7RWM7:3AZHRG4CU5SYU12YRVPCSZALW5003R,opt_rand_model,4689.560442616756,4690.234315854436,[0.7241945073991768]
ARWF605I7RWM7:3AZHRG4CU5SYU12YRVPCSZALW5003R,hill_climbing_model,4826.487084000437,4830.279429849324,"[0.5895152795965214, -1.0476323798596845, -0.023927424838490908]"
ARWF605I7RWM7:3AZHRG4CU5SYU12YRVPCSZALW5003R,random_model,5003.898592666578,5003.898592666533,[0.3819660112501051]
A3CTXNQ2GXIQSP:34HJIJKLP64Z5YMIU6IKNXSH7PDV4I,gamma_only_model,2081.063541206448,2081.7858495491773,[0.0436318780055988]
A3CTXNQ2GXIQSP:34HJIJKLP64Z5YMIU6IKNXSH7PDV4I,gamma_0_model,2114.5589265002836,2116.3763249096837,[0.3008160260771609]
A3CTXNQ2GXIQSP:34HJIJKLP64Z5YMIU6IKNXSH7PDV4I,gamma_no_same_model,2229.0075175864913,2229.521991929155,[0.06831779074072399]
A3CTXNQ2GXIQSP:34HJIJKLP64Z5YMIU6IKNXSH7PDV4I,eureka_model,2191.505807109826,2200.557362567423,"[13.999999999999998, 0.4266810304180639]"
A3CTXNQ2GXIQSP:34HJIJKLP64Z5YMIU6IKNXSH7PDV4I,forward_search,2173.2367258768477,2176.1568942957924,"[0.9016994374947426, 1.0e10]"
A3CTXNQ2GXIQSP:34HJIJKLP64Z5YMIU6IKNXSH7PDV4I,opt_rand_model,2221.47870690777,2222.361250012582,[0.4814041414350822]
A3CTXNQ2GXIQSP:34HJIJKLP64Z5YMIU6IKNXSH7PDV4I,hill_climbing_model,2619.3780641831045,2622.7369476396398,"[0.012268868654758234, -1.2803579678531574, -0.22064263560930703]"
A3CTXNQ2GXIQSP:34HJIJKLP64Z5YMIU6IKNXSH7PDV4I,random_model,2790.1973392668797,2790.197339266848,[0.3819660112501051]
A3Q0XAGQ7TD7MP:3GLB5JMZFY3TNXFGYMKRQ0JDXNTDGZ,gamma_only_model,1821.4611637510407,1821.6695970277856,[0.038032370686829256]
A3Q0XAGQ7TD7MP:3GLB5JMZFY3TNXFGYMKRQ0JDXNTDGZ,gamma_0_model,1842.0522596876924,1842.524717659058,[0.25169424708346894]
A3Q0XAGQ7TD7MP:3GLB5JMZFY3TNXFGYMKRQ0JDXNTDGZ,gamma_no_same_model,1944.2568520716266,1944.7596054827193,[0.05355252181417191]
A3Q0XAGQ7TD7MP:3GLB5JMZFY3TNXFGYMKRQ0JDXNTDGZ,eureka_model,1815.2410362564465,1801.847855507641,"[12.982102024727913, 0.3353779685718008]"
A3Q0XAGQ7TD7MP:3GLB5JMZFY3TNXFGYMKRQ0JDXNTDGZ,forward_search,1835.220864974462,1839.1643578876399,"[0.8173045525915457, 1.0e10]"
A3Q0XAGQ7TD7MP:3GLB5JMZFY3TNXFGYMKRQ0JDXNTDGZ,opt_rand_model,1834.6600006487354,1837.8385252931657,[0.38336834079537646]
A3Q0XAGQ7TD7MP:3GLB5JMZFY3TNXFGYMKRQ0JDXNTDGZ,hill_climbing_model,2402.63516826641,2405.2768716077353,"[0.6438244084385126, -1.2309827091612575, 0.11501115637003113]"
A3Q0XAGQ7TD7MP:3GLB5JMZFY3TNXFGYMKRQ0JDXNTDGZ,random_model,2546.010659106339,2546.0106591063177,[0.3819660112501051]
A1USR9JCAMDGM3:3PB5A5BD0WED6OE679H5Q89HBDGG71,gamma_only_model,3028.9937112190128,3030.103496198757,[0.07221930038374534]
A1USR9JCAMDGM3:3PB5A5BD0WED6OE679H5Q89HBDGG71,gamma_0_model,3048.3341197794266,3048.931575806472,[0.44561391467394595]
A1USR9JCAMDGM3:3PB5A5BD0WED6OE679H5Q89HBDGG71,gamma_no_same_model,3101.375970498254,3102.0073406085517,[0.08506257878853866]
A1USR9JCAMDGM3:3PB5A5BD0WED6OE679H5Q89HBDGG71,eureka_model,3122.6191437519196,3139.7731578474104,"[14.000000001146244, 0.5742279013887893]"
A1USR9JCAMDGM3:3PB5A5BD0WED6OE679H5Q89HBDGG71,forward_search,3210.6615512709113,3235.853438462409,"[1.146984155923124, 3.439826e6]"
A1USR9JCAMDGM3:3PB5A5BD0WED6OE679H5Q89HBDGG71,opt_rand_model,3134.3803928173925,3137.011466283249,[0.5949025567577939]
A1USR9JCAMDGM3:3PB5A5BD0WED6OE679H5Q89HBDGG71,hill_climbing_model,3477.7131391076678,3480.601276618148,"[0.6084441868270968, -1.065960815335827, 0.010747743146143166]"
A1USR9JCAMDGM3:3PB5A5BD0WED6OE679H5Q89HBDGG71,random_model,3620.7131578763756,3620.7131578763347,[0.3819660112501051]
A53S7J4JGWG38:3M0BCWMB8W4W5M7WZVX3HDH1P53WB1,gamma_only_model,2156.1950073628545,2158.2285291541216,[0.07999154609850812]
A53S7J4JGWG38:3M0BCWMB8W4W5M7WZVX3HDH1P53WB1,gamma_0_model,2166.3261298664956,2167.26413608524,[0.4072426105955088]
A53S7J4JGWG38:3M0BCWMB8W4W5M7WZVX3HDH1P53WB1,gamma_no_same_model,2261.82506216334,2264.225334800669,[0.12346006215288204]
A53S7J4JGWG38:3M0BCWMB8W4W5M7WZVX3HDH1P53WB1,eureka_model,2205.6768252353736,2215.6480448663397,"[15.000000000000268, 0.5476351965734187]"
A53S7J4JGWG38:3M0BCWMB8W4W5M7WZVX3HDH1P53WB1,forward_search,2241.7584235582153,2251.0435991402946,"[1.250525004597778, 4.4427067e7]"
A53S7J4JGWG38:3M0BCWMB8W4W5M7WZVX3HDH1P53WB1,opt_rand_model,2207.525221254921,2208.939848400354,[0.551420994593097]
A53S7J4JGWG38:3M0BCWMB8W4W5M7WZVX3HDH1P53WB1,hill_climbing_model,2487.691968765106,2490.832580480163,"[0.6284124396841284, -1.1332204411650464, -0.059230890841268084]"
A53S7J4JGWG38:3M0BCWMB8W4W5M7WZVX3HDH1P53WB1,random_model,2613.5931125353313,2613.593112535308,[0.3819660112501051]
A1NT8BT94ME6F5:31LM9EDVOM0C0BWUVMJXJINN3QPJNI,gamma_only_model,1001.8502291743825,1002.5667915236606,[0.06425858649499826]
A1NT8BT94ME6F5:31LM9EDVOM0C0BWUVMJXJINN3QPJNI,gamma_0_model,1018.370319376511,1018.5381995999865,[0.34171032888011943]
A1NT8BT94ME6F5:31LM9EDVOM0C0BWUVMJXJINN3QPJNI,gamma_no_same_model,1050.0709121450473,1050.9945695746683,[0.08694383021539882]
A1NT8BT94ME6F5:31LM9EDVOM0C0BWUVMJXJINN3QPJNI,eureka_model,1014.078721998096,1016.1709158436106,"[17.0, 0.4499450060488726]"
A1NT8BT94ME6F5:31LM9EDVOM0C0BWUVMJXJINN3QPJNI,forward_search,1039.3683081169536,1042.7195241379052,"[1.0200232716233828, 4.262158829e9]"
A1NT8BT94ME6F5:31LM9EDVOM0C0BWUVMJXJINN3QPJNI,opt_rand_model,1014.0787219980917,1014.4139982451148,[0.4499449749930212]
A1NT8BT94ME6F5:31LM9EDVOM0C0BWUVMJXJINN3QPJNI,hill_climbing_model,1228.4270641772798,1231.959718487682,"[0.7771105573698581, -1.3552338402756983, 0.07430504476893694]"
A1NT8BT94ME6F5:31LM9EDVOM0C0BWUVMJXJINN3QPJNI,random_model,1317.9266343570766,1317.9266343570744,[0.3819660112501051]
A1F42D4L22K5ND:3ZSANO2JCGFTBM23KS9Y3E51YP4FSQ,gamma_only_model,2627.0020717321986,2627.8504777549333,[0.0641629794377999]
A1F42D4L22K5ND:3ZSANO2JCGFTBM23KS9Y3E51YP4FSQ,gamma_0_model,2640.583509981322,2641.4644628830365,[0.37670099014536773]
A1F42D4L22K5ND:3ZSANO2JCGFTBM23KS9Y3E51YP4FSQ,gamma_no_same_model,2784.759956029743,2784.926212299532,[0.10059671824993442]
A1F42D4L22K5ND:3ZSANO2JCGFTBM23KS9Y3E51YP4FSQ,eureka_model,2711.451149197297,2718.983414128673,"[12.934427350093603, 0.4902816335709997]"
A1F42D4L22K5ND:3ZSANO2JCGFTBM23KS9Y3E51YP4FSQ,forward_search,2738.088639274131,2739.754238990973,"[1.4663117118617288, 4.0514231e7]"
A1F42D4L22K5ND:3ZSANO2JCGFTBM23KS9Y3E51YP4FSQ,opt_rand_model,2742.256911663383,2742.4577245255705,[0.5429696555507163]
A1F42D4L22K5ND:3ZSANO2JCGFTBM23KS9Y3E51YP4FSQ,hill_climbing_model,3154.5031010154453,3155.2572453070297,"[0.5761478136760649, -1.0344488114824228, 0.004203023701388822]"
A1F42D4L22K5ND:3ZSANO2JCGFTBM23KS9Y3E51YP4FSQ,random_model,3291.958431378955,3291.958431378925,[0.3819660112501051]
A2QIZ31TMHU0GD:3FUI0JHJPY6UBT1VAI7VUX8S3KH33W,gamma_only_model,3192.0607325325727,3193.6378447870584,[0.11044873202413019]
A2QIZ31TMHU0GD:3FUI0JHJPY6UBT1VAI7VUX8S3KH33W,gamma_0_model,3201.891023883181,3205.242652142527,[0.5285053612729138]
A2QIZ31TMHU0GD:3FUI0JHJPY6UBT1VAI7VUX8S3KH33W,gamma_no_same_model,3236.2319324516284,3236.8909418563544,[0.13020050553927215]
A2QIZ31TMHU0GD:3FUI0JHJPY6UBT1VAI7VUX8S3KH33W,eureka_model,3249.3330971999853,3263.1417770876124,"[12.946148874293858, 0.613116937947571]"
A2QIZ31TMHU0GD:3FUI0JHJPY6UBT1VAI7VUX8S3KH33W,forward_search,3298.287138593947,3312.348235959988,"[1.261838095691796, 610640.0]"
A2QIZ31TMHU0GD:3FUI0JHJPY6UBT1VAI7VUX8S3KH33W,opt_rand_model,3280.198928362164,3281.707181041922,[0.6754746363776091]
A2QIZ31TMHU0GD:3FUI0JHJPY6UBT1VAI7VUX8S3KH33W,hill_climbing_model,3477.8406421218506,3483.149314111647,"[0.4806391003318762, -0.9052602807559496, -0.08839335903675397]"
A2QIZ31TMHU0GD:3FUI0JHJPY6UBT1VAI7VUX8S3KH33W,random_model,3582.7393403269384,3582.7393403268916,[0.3819660112501051]
A2MYB6MLQW0IGN:3TYCR1GOTDRCCQYD1V64UK7OE48LZS,gamma_only_model,3013.5799840864956,3015.73269211952,[0.07770957432968734]
A2MYB6MLQW0IGN:3TYCR1GOTDRCCQYD1V64UK7OE48LZS,gamma_0_model,3032.388913225437,3034.6380262808857,[0.45937839723714563]
A2MYB6MLQW0IGN:3TYCR1GOTDRCCQYD1V64UK7OE48LZS,gamma_no_same_model,3138.6638196865865,3138.8877641785975,[0.10889030926396777]
A2MYB6MLQW0IGN:3TYCR1GOTDRCCQYD1V64UK7OE48LZS,eureka_model,3224.3724771323855,3222.3934756666376,"[13.0, 0.630913518561377]"
A2MYB6MLQW0IGN:3TYCR1GOTDRCCQYD1V64UK7OE48LZS,forward_search,3298.500472148593,3313.955871357065,"[1.137501262954676, 624878.0]"
A2MYB6MLQW0IGN:3TYCR1GOTDRCCQYD1V64UK7OE48LZS,opt_rand_model,3222.218352752849,3223.6160655075537,[0.656904590918481]
A2MYB6MLQW0IGN:3TYCR1GOTDRCCQYD1V64UK7OE48LZS,hill_climbing_model,3427.242310222868,3429.051161339651,"[0.7833460554441432, -1.0016225712101352, 0.22729078443033549]"
A2MYB6MLQW0IGN:3TYCR1GOTDRCCQYD1V64UK7OE48LZS,random_model,3574.8095818793263,3574.809581879292,[0.3819660112501051]
A3GOOI75XOF24V:3TMFV4NEP9MD3O9PWJDTQBR0HZYW8I,gamma_only_model,2985.4214093755095,2986.336736038749,[0.12912213707495862]
A3GOOI75XOF24V:3TMFV4NEP9MD3O9PWJDTQBR0HZYW8I,gamma_0_model,2999.984674000557,3000.7583192653815,[0.5931657117702841]
A3GOOI75XOF24V:3TMFV4NEP9MD3O9PWJDTQBR0HZYW8I,gamma_no_same_model,3040.1306042824353,3041.0703539845053,[0.166896634905229]
A3GOOI75XOF24V:3TMFV4NEP9MD3O9PWJDTQBR0HZYW8I,eureka_model,3121.4542083155293,3125.874178604247,"[12.000000060441327, 0.7215798042262311]"
A3GOOI75XOF24V:3TMFV4NEP9MD3O9PWJDTQBR0HZYW8I,forward_search,3119.4123073451547,3121.8079675254025,"[1.2664343585833326, 74967.0]"
A3GOOI75XOF24V:3TMFV4NEP9MD3O9PWJDTQBR0HZYW8I,opt_rand_model,3146.058398275902,3147.570600400848,[0.7792926459100611]
A3GOOI75XOF24V:3TMFV4NEP9MD3O9PWJDTQBR0HZYW8I,hill_climbing_model,3178.5362475767556,3183.7457045692263,"[0.5389028439479098, -0.9180738499003663, -0.22169131873879488]"
A3GOOI75XOF24V:3TMFV4NEP9MD3O9PWJDTQBR0HZYW8I,random_model,3287.289127366404,3287.289127366363,[0.3819660112501051]
A1HFNOKU591WCY:3XLBSAQ9Z5KDX59BX15UBFPNNHYZ7Q,gamma_only_model,2026.0907230073196,2027.3487873069118,[0.049538518848486444]
A1HFNOKU591WCY:3XLBSAQ9Z5KDX59BX15UBFPNNHYZ7Q,gamma_0_model,2066.8882738717125,2068.7844009330706,[0.31604871964140696]
A1HFNOKU591WCY:3XLBSAQ9Z5KDX59BX15UBFPNNHYZ7Q,gamma_no_same_model,2157.4526667423493,2158.874555977831,[0.07180868050626076]
A1HFNOKU591WCY:3XLBSAQ9Z5KDX59BX15UBFPNNHYZ7Q,eureka_model,2136.599242181475,2153.551715757983,"[13.036524227334468, 0.46117923286240653]"
A1HFNOKU591WCY:3XLBSAQ9Z5KDX59BX15UBFPNNHYZ7Q,forward_search,2174.7686061521167,2183.2386029128024,"[1.0181495932330384, 4.99687745e8]"
A1HFNOKU591WCY:3XLBSAQ9Z5KDX59BX15UBFPNNHYZ7Q,opt_rand_model,2142.8343364450784,2143.5891627769734,[0.48641935475992987]
A1HFNOKU591WCY:3XLBSAQ9Z5KDX59BX15UBFPNNHYZ7Q,hill_climbing_model,2529.721600808087,2535.289302043774,"[0.382810684226364, -1.183977887864463, 0.1460058612426233]"
A1HFNOKU591WCY:3XLBSAQ9Z5KDX59BX15UBFPNNHYZ7Q,random_model,2672.2984741795103,2672.2984741794985,[0.3819660112501051]
A191V7PT3DQKDP:3PMBY0YE28B43VMUKKJ6EDF85RV9C8,gamma_only_model,2812.93731375822,2813.9081169198917,[0.04918929457762841]
A191V7PT3DQKDP:3PMBY0YE28B43VMUKKJ6EDF85RV9C8,gamma_0_model,2824.069168138294,2825.120182958109,[0.3250633662805154]
A191V7PT3DQKDP:3PMBY0YE28B43VMUKKJ6EDF85RV9C8,gamma_no_same_model,3002.29601427006,3003.2471883948474,[0.07438707445262559]
A191V7PT3DQKDP:3PMBY0YE28B43VMUKKJ6EDF85RV9C8,eureka_model,2909.1435194261217,2920.7893429876813,"[13.95009670023517, 0.4388767310349781]"
A191V7PT3DQKDP:3PMBY0YE28B43VMUKKJ6EDF85RV9C8,forward_search,3007.9212822905824,3011.992302723811,"[1.691036487280233, 2.029118e7]"
A191V7PT3DQKDP:3PMBY0YE28B43VMUKKJ6EDF85RV9C8,opt_rand_model,2922.6742885485337,2923.227958778911,[0.5002384620823249]
A191V7PT3DQKDP:3PMBY0YE28B43VMUKKJ6EDF85RV9C8,hill_climbing_model,3472.987850803909,3477.0137998164123,"[0.5953272448242967, -1.071349209159653, 0.13054211221863832]"
A191V7PT3DQKDP:3PMBY0YE28B43VMUKKJ6EDF85RV9C8,random_model,3626.2328787853535,3626.2328787853185,[0.3819660112501051]
A1AKX1C8GCVCTP:3H0W84IWBLAP4T2UASPNVMF5ZH7ER9,gamma_only_model,1268.5143099203426,1270.7926492830775,[0.09638704887835535]
A1AKX1C8GCVCTP:3H0W84IWBLAP4T2UASPNVMF5ZH7ER9,gamma_0_model,1273.2663159865747,1274.8655826533175,[0.46208048514917005]
A1AKX1C8GCVCTP:3H0W84IWBLAP4T2UASPNVMF5ZH7ER9,gamma_no_same_model,1282.5863855699217,1283.0894677723181,[0.10676345756081224]
A1AKX1C8GCVCTP:3H0W84IWBLAP4T2UASPNVMF5ZH7ER9,eureka_model,1291.0939534382126,1308.552044224946,"[11.979753458049602, 0.5285751958855365]"
A1AKX1C8GCVCTP:3H0W84IWBLAP4T2UASPNVMF5ZH7ER9,forward_search,1281.9320883581006,1294.513995756749,"[1.2176711519158514, 7.7248114e7]"
A1AKX1C8GCVCTP:3H0W84IWBLAP4T2UASPNVMF5ZH7ER9,opt_rand_model,1292.222886214219,1294.8003280409118,[0.5862211025665945]
A1AKX1C8GCVCTP:3H0W84IWBLAP4T2UASPNVMF5ZH7ER9,hill_climbing_model,1440.0496834613368,1444.3869820365862,"[0.7694495877268595, -0.8766524200545323, -0.4187657809426106]"
A1AKX1C8GCVCTP:3H0W84IWBLAP4T2UASPNVMF5ZH7ER9,random_model,1495.48252752073,1495.4825275207243,[0.3819660112501051]
AMW2XLD9443OH:37QW5D2ZRHUKW7SGCE3STMOFBMK8SX,gamma_only_model,1281.2404484113108,1282.0736701344779,[0.04908096247065723]
AMW2XLD9443OH:37QW5D2ZRHUKW7SGCE3STMOFBMK8SX,gamma_0_model,1287.8933802041536,1288.504102231221,[0.34114929259319465]
AMW2XLD9443OH:37QW5D2ZRHUKW7SGCE3STMOFBMK8SX,gamma_no_same_model,1368.3553167667303,1369.0321049931922,[0.07445688378100578]
AMW2XLD9443OH:37QW5D2ZRHUKW7SGCE3STMOFBMK8SX,eureka_model,1353.543748928337,1361.2041830891226,"[17.000000000000213, 0.5165387755458495]"
AMW2XLD9443OH:37QW5D2ZRHUKW7SGCE3STMOFBMK8SX,forward_search,1393.8726665640813,1398.6576484415332,"[0.9016994374947426, 3.7807466e7]"
AMW2XLD9443OH:37QW5D2ZRHUKW7SGCE3STMOFBMK8SX,opt_rand_model,1352.1250021243418,1352.1745806885363,[0.5226359517064113]
AMW2XLD9443OH:37QW5D2ZRHUKW7SGCE3STMOFBMK8SX,hill_climbing_model,1569.4160318909103,1571.4708706963893,"[0.536135834623678, -1.1680473293256228, 0.2778772598734455]"
AMW2XLD9443OH:37QW5D2ZRHUKW7SGCE3STMOFBMK8SX,random_model,1661.0963467525985,1661.096346752594,[0.3819660112501051]
A3NMQ3019X6YE0:3V5Q80FXIYZ5QB5C6ITQBN30WY823U,gamma_only_model,2411.08205439486,2412.0592071919154,[0.08351968953056577]
A3NMQ3019X6YE0:3V5Q80FXIYZ5QB5C6ITQBN30WY823U,gamma_0_model,2426.8473396164454,2428.8784198033563,[0.4609759852801797]
A3NMQ3019X6YE0:3V5Q80FXIYZ5QB5C6ITQBN30WY823U,gamma_no_same_model,2476.310513123172,2476.588136384409,[0.10818809843423566]
A3NMQ3019X6YE0:3V5Q80FXIYZ5QB5C6ITQBN30WY823U,eureka_model,2536.553065737896,2537.5819446257606,"[11.984507093425378, 0.5629309831548164]"
A3NMQ3019X6YE0:3V5Q80FXIYZ5QB5C6ITQBN30WY823U,forward_search,2596.954362813443,2611.984075381824,"[1.4156381561864158, 1.889192e6]"
A3NMQ3019X6YE0:3V5Q80FXIYZ5QB5C6ITQBN30WY823U,opt_rand_model,2558.2555851960715,2560.0611264203108,[0.6426367610160373]
A3NMQ3019X6YE0:3V5Q80FXIYZ5QB5C6ITQBN30WY823U,hill_climbing_model,2739.666252741331,2744.8800374860557,"[0.016563218974571647, -1.115272115754683, 0.025779670648207822]"
A3NMQ3019X6YE0:3V5Q80FXIYZ5QB5C6ITQBN30WY823U,random_model,2863.49455208851,2863.494552088483,[0.3819660112501051]
A1GQS6USF2JEYG:33F859I567LE8WC74WB3GA7E94XBHW,gamma_only_model,2641.1406382649484,2641.9731029097293,[0.05721421640472826]
A1GQS6USF2JEYG:33F859I567LE8WC74WB3GA7E94XBHW,gamma_0_model,2689.74471614837,2690.23523962884,[0.3684385324024106]
A1GQS6USF2JEYG:33F859I567LE8WC74WB3GA7E94XBHW,gamma_no_same_model,2809.961664418239,2813.067630031422,[0.08923400323562236]
A1GQS6USF2JEYG:33F859I567LE8WC74WB3GA7E94XBHW,eureka_model,2782.843154470896,2783.361890084891,"[11.981963674803005, 0.4234412596126884]"
A1GQS6USF2JEYG:33F859I567LE8WC74WB3GA7E94XBHW,forward_search,2845.227220308356,2847.944354953835,"[1.4589803375031547, 9.056428e6]"
A1GQS6USF2JEYG:33F859I567LE8WC74WB3GA7E94XBHW,opt_rand_model,2840.0622128520463,2841.1339434770744,[0.5529605520137713]
A1GQS6USF2JEYG:33F859I567LE8WC74WB3GA7E94XBHW,hill_climbing_model,3221.4943739053756,3223.6215277881065,"[0.5300214030228533, -1.2094142850377434, 0.01497253822484161]"
A1GQS6USF2JEYG:33F859I567LE8WC74WB3GA7E94XBHW,random_model,3405.9209186692665,3405.92091866923,[0.3819660112501051]
A2RCYLKY072XXO:3TAYZSBPLMG9ASQRWXURJVBCPLN2SH,gamma_only_model,1034.6387764143458,1035.6968478204572,[0.043032550254253364]
A2RCYLKY072XXO:3TAYZSBPLMG9ASQRWXURJVBCPLN2SH,gamma_0_model,1034.3212127627573,1035.0463149199477,[0.25371602533112797]
A2RCYLKY072XXO:3TAYZSBPLMG9ASQRWXURJVBCPLN2SH,gamma_no_same_model,1103.813977599241,1104.4820385942812,[0.059029026273716145]
A2RCYLKY072XXO:3TAYZSBPLMG9ASQRWXURJVBCPLN2SH,eureka_model,1036.3628461799628,1039.287174340992,"[13.982462677096722, 0.3706156609252114]"
A2RCYLKY072XXO:3TAYZSBPLMG9ASQRWXURJVBCPLN2SH,forward_search,1040.5608644150846,1044.3927079394393,"[0.8246320309552533, 1.0e10]"
A2RCYLKY072XXO:3TAYZSBPLMG9ASQRWXURJVBCPLN2SH,opt_rand_model,1037.6705424817867,1040.2505926294862,[0.3765058640715701]
A2RCYLKY072XXO:3TAYZSBPLMG9ASQRWXURJVBCPLN2SH,hill_climbing_model,1363.0990089355596,1364.152443655031,"[0.6133380365828693, -1.3541520361576098, -0.30605324457248545]"
A2RCYLKY072XXO:3TAYZSBPLMG9ASQRWXURJVBCPLN2SH,random_model,1464.0003018829343,1464.00030188293,[0.3819660112501051]
A1XDMS0KFSF5JW:3M0BCWMB8W4W5M7WZVX3HDH1M3FBWL,gamma_only_model,1187.108464192984,1188.0171061644382,[0.07139008138472949]
A1XDMS0KFSF5JW:3M0BCWMB8W4W5M7WZVX3HDH1M3FBWL,gamma_0_model,1201.118298510856,1201.9863829153076,[0.40968460636271886]
A1XDMS0KFSF5JW:3M0BCWMB8W4W5M7WZVX3HDH1M3FBWL,gamma_no_same_model,1245.9719925327583,1246.4279096495604,[0.1050270731943889]
A1XDMS0KFSF5JW:3M0BCWMB8W4W5M7WZVX3HDH1M3FBWL,eureka_model,1247.9288483062192,1251.4487622625488,"[10.999976898433255, 0.49626305457065767]"
A1XDMS0KFSF5JW:3M0BCWMB8W4W5M7WZVX3HDH1M3FBWL,forward_search,1275.0679177561074,1283.7666721232995,"[1.548552853824876, 3.0724688e7]"
A1XDMS0KFSF5JW:3M0BCWMB8W4W5M7WZVX3HDH1M3FBWL,opt_rand_model,1249.2102032365863,1249.643170270828,[0.5893824348197318]
A1XDMS0KFSF5JW:3M0BCWMB8W4W5M7WZVX3HDH1M3FBWL,hill_climbing_model,1388.4689193351946,1390.811969894769,"[0.012763453559144496, -1.0426768854063746, 0.02744713730778604]"
A1XDMS0KFSF5JW:3M0BCWMB8W4W5M7WZVX3HDH1M3FBWL,random_model,1442.830885891199,1442.8308858911955,[0.3819660112501051]
A1N1EF0MIRSEZZ:3R5F3LQFV3SKIB1AENMWM1BICT5OZB,gamma_only_model,1578.7622269570763,1581.1757940477685,[0.06414213821406974]
A1N1EF0MIRSEZZ:3R5F3LQFV3SKIB1AENMWM1BICT5OZB,gamma_0_model,1586.5848275224025,1587.656092393742,[0.37471946214395657]
A1N1EF0MIRSEZZ:3R5F3LQFV3SKIB1AENMWM1BICT5OZB,gamma_no_same_model,1663.3809375385465,1664.028738716189,[0.0918411977758627]
A1N1EF0MIRSEZZ:3R5F3LQFV3SKIB1AENMWM1BICT5OZB,eureka_model,1610.755926760849,1614.8973903137596,"[16.000000000000203, 0.5050257981251215]"
A1N1EF0MIRSEZZ:3R5F3LQFV3SKIB1AENMWM1BICT5OZB,forward_search,1614.0425614163983,1615.5707866691407,"[0.9327556376461612, 7.5662185e8]"
A1N1EF0MIRSEZZ:3R5F3LQFV3SKIB1AENMWM1BICT5OZB,opt_rand_model,1608.3799139578064,1608.987198590548,[0.506496608122087]
A1N1EF0MIRSEZZ:3R5F3LQFV3SKIB1AENMWM1BICT5OZB,hill_climbing_model,1891.9330171509184,1894.3719574989793,"[0.1566899787122163, -1.0908969543682543, -0.153453781125807]"
A1N1EF0MIRSEZZ:3R5F3LQFV3SKIB1AENMWM1BICT5OZB,random_model,1979.4342596414908,1979.4342596414751,[0.3819660112501051]
AXKM02NVXNGOM:33PPO7FECWN7JOLBOAKUBCWTC0AIDL,gamma_only_model,1563.5742305764045,1563.9441480892683,[0.04178835229643333]
AXKM02NVXNGOM:33PPO7FECWN7JOLBOAKUBCWTC0AIDL,gamma_0_model,1580.5832410428202,1581.0026169369846,[0.2614298248227061]
AXKM02NVXNGOM:33PPO7FECWN7JOLBOAKUBCWTC0AIDL,gamma_no_same_model,1657.4382068328755,1657.5558124069337,[0.055989770963952475]
AXKM02NVXNGOM:33PPO7FECWN7JOLBOAKUBCWTC0AIDL,eureka_model,1550.42125568471,1552.7684943259987,"[10.872920871051754, 0.2737300325551398]"
AXKM02NVXNGOM:33PPO7FECWN7JOLBOAKUBCWTC0AIDL,forward_search,1521.1814534390244,1523.1764085080943,"[0.9331577152349615, 1.0e10]"
AXKM02NVXNGOM:33PPO7FECWN7JOLBOAKUBCWTC0AIDL,opt_rand_model,1552.698395866945,1554.2010708309635,[0.3754671397732208]
AXKM02NVXNGOM:33PPO7FECWN7JOLBOAKUBCWTC0AIDL,hill_climbing_model,2032.7125359529502,2035.0662578478941,"[0.7437439837885929, -1.20049093439114, 0.20666445350961252]"
AXKM02NVXNGOM:33PPO7FECWN7JOLBOAKUBCWTC0AIDL,random_model,2157.953717738488,2157.9537177384727,[0.3819660112501051]
AO1QGAUZ85T6L:3HWRJOOET6A15827PHPSLWK1MOYSEU,gamma_only_model,4241.1668539318025,4242.029952053876,[0.11576502126564575]
AO1QGAUZ85T6L:3HWRJOOET6A15827PHPSLWK1MOYSEU,gamma_0_model,4273.294692336677,4273.896694820584,[0.5645622369223119]
AO1QGAUZ85T6L:3HWRJOOET6A15827PHPSLWK1MOYSEU,gamma_no_same_model,4350.519238716811,4352.226287498561,[0.15599209537687056]
AO1QGAUZ85T6L:3HWRJOOET6A15827PHPSLWK1MOYSEU,eureka_model,4475.164795991302,4477.55393346338,"[17.000069495797202, 0.7641303951730778]"
AO1QGAUZ85T6L:3HWRJOOET6A15827PHPSLWK1MOYSEU,forward_search,4500.774510392336,4505.844171550157,"[1.335241480243177, 118870.0]"
AO1QGAUZ85T6L:3HWRJOOET6A15827PHPSLWK1MOYSEU,opt_rand_model,4475.08910203192,4477.360459805117,[0.7640751003537989]
AO1QGAUZ85T6L:3HWRJOOET6A15827PHPSLWK1MOYSEU,hill_climbing_model,4532.017262120148,4534.550471680182,"[0.011471643541834118, -0.9349415953833631, 0.19925374877166432]"
AO1QGAUZ85T6L:3HWRJOOET6A15827PHPSLWK1MOYSEU,random_model,4688.097854561338,4688.097854561287,[0.3819660112501051]
A30AGR5KF8IEL:3EWIJTFFVPF14ZIVGF68BQEIRXP0ER,gamma_only_model,152.39815894794043,152.93699918678067,[0.06009168045072488]
A30AGR5KF8IEL:3EWIJTFFVPF14ZIVGF68BQEIRXP0ER,gamma_0_model,156.34288962490638,157.29813216857997,[0.34065607120763153]
A30AGR5KF8IEL:3EWIJTFFVPF14ZIVGF68BQEIRXP0ER,gamma_no_same_model,162.15920348313196,162.69280586325294,[0.08579943635748813]
A30AGR5KF8IEL:3EWIJTFFVPF14ZIVGF68BQEIRXP0ER,eureka_model,162.02666171999616,165.52941312000812,"[12.499999051762389, 0.46542358676782936]"
A30AGR5KF8IEL:3EWIJTFFVPF14ZIVGF68BQEIRXP0ER,forward_search,155.38009878518358,156.25099992455284,"[1.0785158790196032, 1.0e10]"
A30AGR5KF8IEL:3EWIJTFFVPF14ZIVGF68BQEIRXP0ER,opt_rand_model,163.54560686563644,166.45329557066944,[0.4979734311387639]
A30AGR5KF8IEL:3EWIJTFFVPF14ZIVGF68BQEIRXP0ER,hill_climbing_model,178.79308016237738,183.5216644637294,"[0.8095290388093715, -1.7418942253704848, -0.7905249680816047]"
A30AGR5KF8IEL:3EWIJTFFVPF14ZIVGF68BQEIRXP0ER,random_model,200.91347562112713,200.9134756211272,[0.3819660112501051]
A3OB6REG5CGHK1:3STRJBFXOXZ5687WA35LTWTS7QZKTT,gamma_only_model,2042.7575507026606,2044.7082203807124,[0.07425163190262267]
A3OB6REG5CGHK1:3STRJBFXOXZ5687WA35LTWTS7QZKTT,gamma_0_model,2055.6360767381525,2055.99560696604,[0.3901210123780661]
A3OB6REG5CGHK1:3STRJBFXOXZ5687WA35LTWTS7QZKTT,gamma_no_same_model,2113.8652173244363,2115.45718189958,[0.09649909345668078]
A3OB6REG5CGHK1:3STRJBFXOXZ5687WA35LTWTS7QZKTT,eureka_model,2096.225614538687,2122.1998311778725,"[11.979895358683047, 0.46048066690411]"
A3OB6REG5CGHK1:3STRJBFXOXZ5687WA35LTWTS7QZKTT,forward_search,2048.5912728894227,2074.9011438231087,"[1.1738891989349778, 1.315585624e9]"
A3OB6REG5CGHK1:3STRJBFXOXZ5687WA35LTWTS7QZKTT,opt_rand_model,2096.194910113868,2096.802404711878,[0.5314388223646962]
A3OB6REG5CGHK1:3STRJBFXOXZ5687WA35LTWTS7QZKTT,hill_climbing_model,2389.158946290941,2391.718593231889,"[0.3776311959328115, -1.0196940936833812, -0.10608771507961183]"
A3OB6REG5CGHK1:3STRJBFXOXZ5687WA35LTWTS7QZKTT,random_model,2494.8978395444815,2494.897839544467,[0.3819660112501051]
